"_id","slide","images","last_updated"
"ObjectId(""66e16f08d0cddd73953337cd"")","0545","[""rf_mask.jpg"",""StainingVectorID_6_C2.png"",""hpx_from_rgb_C3.png"",""StainingVectorID_7_C2.png""]","2024-09-11T15:50:54.691Z"
"ObjectId(""66e16f5fd0cddd73953338e7"")","0002","[""StainingVectorID_6_C3.png""]","2024-09-11T15:52:22.140Z"
"ObjectId(""66e17012d0cddd7395333bbd"")","0051","[""StainingVectorID_6_C1.png"",""StainingVectorID_5_C1.png"",""StainingVectorID_12_C1.png"",""hax_from_rgb_C1.png""]","2024-09-11T18:20:02.649Z"
"ObjectId(""66e17028d0cddd7395333d0e"")","0052","[""rf_mask.jpg"",""StainingVectorID_6_C3.png"",""StainingVectorID_6_C1.png""]","2024-09-11T18:21:26.263Z"
"ObjectId(""66e17115d0cddd7395334218"")","0099","[""StainingVectorID_6_C3.png"",""StainingVectorID_6_C1.png""]","2024-09-12T10:58:06.146Z"
"ObjectId(""66e17169d0cddd73953347a7"")","0007","[""StainingVectorID_6_C3.png""]","2024-09-11T17:30:21.382Z"
"ObjectId(""66e17177d0cddd7395334c76"")","0110","[""StainingVectorID_6_C3.png"",""StainingVectorID_6_C1.png""]","2024-09-11T16:01:17.730Z"
"ObjectId(""66e17196d0cddd7395334f67"")","0111","[""StainingVectorID_6_C3.png"",""StainingVectorID_6_C1.png""]","2024-09-11T16:01:49.378Z"
"ObjectId(""66e171b4d0cddd73953352b9"")","0112","[""rbd_from_rgb_C1.png""]","2024-09-11T16:02:19.440Z"
"ObjectId(""66e172cdd0cddd73953357ce"")","0113","[""StainingVectorID_6_C3.png"",""StainingVectorID_6_C1.png""]","2024-09-11T16:07:00.056Z"
"ObjectId(""66e1730ad0cddd7395335c19"")","0114","[""StainingVectorID_6_C3.png""]","2024-09-11T16:08:00.749Z"
"ObjectId(""66e17354d0cddd7395336102"")","0115","[""StainingVectorID_6_C3.png"",""StainingVectorID_6_C1.png"",""StainingVectorID_17_C3.png""]","2024-09-11T16:09:14.688Z"
"ObjectId(""66e17d37d0cddd73953375c3"")","0116","[""StainingVectorID_6_C3.png""]","2024-09-11T16:51:25.633Z"
"ObjectId(""66e184f1d0cddd739533cb4d"")","0300","[""StainingVectorID_13_C2.png""]","2024-09-11T17:24:24.145Z"
"ObjectId(""66e184f5d0cddd739533d0a4"")","0003","[""StainingVectorID_6_C3.png""]","2024-09-11T17:24:27.701Z"
"ObjectId(""66e18535d0cddd739533dad7"")","0004","[""StainingVectorID_6_C3.png""]","2024-09-11T17:25:31.939Z"
"ObjectId(""66e18581d0cddd739533e5da"")","0301","[""rf_mask.jpg"",""StainingVectorID_19_C3.png""]","2024-09-11T17:26:48.207Z"
"ObjectId(""66e18594d0cddd739533ec9e"")","0005","[""StainingVectorID_6_C1.png""]","2024-09-11T17:27:06.620Z"
"ObjectId(""66e185b6d0cddd739533f4f7"")","0006","[""StainingVectorID_6_C3.png""]","2024-09-11T17:27:41.361Z"
"ObjectId(""66e185f8d0cddd73953404ae"")","0302","[""rf_mask.jpg"",""rbd_from_rgb_C1.png"",""StainingVectorID_10_C1.png""]","2024-09-11T17:28:46.941Z"
"ObjectId(""66e1863cd0cddd73953430e2"")","0303","[""rf_mask.jpg"",""bro_from_rgb_C2.png""]","2024-09-11T17:29:54.580Z"
"ObjectId(""66e18676d0cddd73953461e8"")","0304","[""rf_mask.jpg"",""bro_from_rgb_C2.png"",""rbd_from_rgb_C1.png"",""StainingVectorID_10_C1.png"",""hed_from_rgb_C2.png""]","2024-09-11T17:30:53.401Z"
"ObjectId(""66e186a5d0cddd739534a64c"")","0008","[""StainingVectorID_6_C3.png""]","2024-09-11T17:31:40.241Z"
"ObjectId(""66e1874cd0cddd739534b9d0"")","0305","[""StainingVectorID_19_C3.png"",""hed_from_rgb_C2.png""]","2024-09-11T17:34:26.637Z"
"ObjectId(""66e187a2d0cddd739534cedc"")","0306","[""bro_from_rgb_C2.png""]","2024-09-11T17:35:52.779Z"
"ObjectId(""66e187bbd0cddd739534f1bc"")","0009","[""StainingVectorID_6_C3.png""]","2024-09-11T17:36:17.765Z"
"ObjectId(""66e18800d0cddd739535561f"")","0307","[""bro_from_rgb_C2.png"",""StainingVectorID_19_C3.png""]","2024-09-11T17:37:27.057Z"
"ObjectId(""66e18813d0cddd7395355f19"")","0010","[""StainingVectorID_6_C3.png"",""StainingVectorID_6_C1.png"",""StainingVectorID_12_C1.png""]","2024-09-11T17:37:46.118Z"
"ObjectId(""66e18840d0cddd7395356cda"")","0308","[""rf_mask.jpg"",""StainingVectorID_16_C2.png""]","2024-09-11T17:38:31.205Z"
"ObjectId(""66e18874d0cddd7395357b2c"")","0011","[""StainingVectorID_6_C1.png"",""StainingVectorID_17_C3.png""]","2024-09-11T17:39:22.593Z"
"ObjectId(""66e18889d0cddd739535857e"")","0309","[""bro_from_rgb_C2.png"",""StainingVectorID_16_C2.png"",""hpx_from_rgb_C2.png""]","2024-09-11T17:39:44.381Z"
"ObjectId(""66e188d2d0cddd739535b649"")","0012","[""StainingVectorID_6_C3.png"",""StainingVectorID_6_C1.png"",""StainingVectorID_17_C3.png"",""StainingVectorID_5_C1.png""]","2024-09-11T17:40:56.571Z"
"ObjectId(""66e188e6d0cddd739535c150"")","0310","[""bro_from_rgb_C2.png"",""StainingVectorID_13_C2.png"",""StainingVectorID_16_C2.png"",""hpx_from_rgb_C2.png""]","2024-09-11T17:41:16.754Z"
"ObjectId(""66e18930d0cddd739535d3c5"")","0311","[""StainingVectorID_13_C2.png""]","2024-09-11T17:42:30.780Z"
"ObjectId(""66e18931d0cddd739535d3e7"")","0013","[""StainingVectorID_6_C3.png"",""StainingVectorID_6_C1.png""]","2024-09-11T17:42:31.616Z"
"ObjectId(""66e1895ad0cddd739535e993"")","0014","[""StainingVectorID_6_C3.png""]","2024-09-11T17:43:12.675Z"
"ObjectId(""66e18976d0cddd7395360ef5"")","0312","[""bro_from_rgb_C2.png"",""StainingVectorID_16_C2.png""]","2024-09-11T17:43:41.334Z"
"ObjectId(""66e189abd0cddd73953636eb"")","0313","[""bro_from_rgb_C2.png"",""StainingVectorID_16_C2.png"",""StainingVectorID_13_C2.png"",""hpx_from_rgb_C2.png""]","2024-09-11T17:44:34.112Z"
"ObjectId(""66e189f2d0cddd7395364cb7"")","0314","[""rf_mask.jpg"",""StainingVectorID_19_C3.png""]","2024-09-11T17:45:44.628Z"
"ObjectId(""66e189f2d0cddd7395364dbf"")","1169","[""StainingVectorID_17_C1.png""]","2024-09-11T17:45:45.003Z"
"ObjectId(""66e18a58d0cddd73953684bb"")","0315","[""rf_mask.jpg""]","2024-09-11T17:47:26.502Z"
"ObjectId(""66e18a7cd0cddd73953690dd"")","1170","[""StainingVectorID_4_C2.png""]","2024-09-11T17:48:02.913Z"
"ObjectId(""66e18aa1d0cddd7395369f2d"")","0038","[""rf_mask.jpg"",""rbd_from_rgb_C1.png"",""StainingVectorID_10_C1.png"",""hed_from_rgb_C2.png"",""StainingVectorID_5_C1.png"",""StainingVectorID_4_C2.png""]","2024-09-11T17:48:39.733Z"
"ObjectId(""66e18aa1d0cddd7395369f78"")","0316","[""StainingVectorID_10_C1.png""]","2024-09-11T17:48:40.119Z"
"ObjectId(""66e18ae4d0cddd739536cbfa"")","2000","[""rf_mask.jpg"",""bro_from_rgb_C2.png"",""hdx_from_rgb_C1.png""]","2024-09-11T17:49:47.447Z"
"ObjectId(""66e18af6d0cddd739536d54a"")","0317","[""StainingVectorID_4_C2.png""]","2024-09-11T17:50:04.921Z"
"ObjectId(""66e18b1bd0cddd739536e7d9"")","0039","[""rf_mask.jpg"",""rbd_from_rgb_C1.png"",""StainingVectorID_10_C1.png"",""hed_from_rgb_C2.png"",""StainingVectorID_4_C2.png"",""StainingVectorID_12_C1.png"",""hax_from_rgb_C1.png""]","2024-09-11T17:50:41.991Z"
"ObjectId(""66e18b36d0cddd739536f488"")","0318","[""StainingVectorID_10_C1.png"",""rbd_from_rgb_C1.png""]","2024-09-11T17:51:09.441Z"
"ObjectId(""66e18b65d0cddd739537119f"")","0319","[""StainingVectorID_4_C2.png"",""hed_from_rgb_C2.png""]","2024-09-11T17:51:56.227Z"
"ObjectId(""66e18b79d0cddd7395372b95"")","2001","[""hpx_from_rgb_C2.png""]","2024-09-11T17:52:16.181Z"
"ObjectId(""66e18b9ed0cddd7395373f90"")","0040","[""StainingVectorID_6_C1.png"",""hed_from_rgb_C2.png"",""StainingVectorID_4_C2.png"",""hdx_from_rgb_C1.png""]","2024-09-11T17:52:53.282Z"
"ObjectId(""66e18bacd0cddd73953745e9"")","0320","[""StainingVectorID_10_C1.png"",""rbd_from_rgb_C1.png"",""hed_from_rgb_C2.png""]","2024-09-11T17:53:07.121Z"
"ObjectId(""66e18befd0cddd7395376abb"")","0321","[""rbd_from_rgb_C1.png"",""hed_from_rgb_C2.png""]","2024-09-11T17:54:13.661Z"
"ObjectId(""66e18c13d0cddd7395377b33"")","2002","[""StainingVectorID_13_C2.png""]","2024-09-11T17:54:49.953Z"
"ObjectId(""66e18c24d0cddd73953785df"")","1774","[""StainingVectorID_6_C2.png"",""hpx_from_rgb_C3.png"",""bex_from_rgb_C3.png"",""StainingVectorID_7_C2.png"",""StainingVectorID_5_C2.png"",""StainingVectorID_14_C2.png"",""StainingVectorID_16_C1.png"",""StainingVectorID_12_C3.png"",""StainingVectorID_3_C2.png"",""StainingVectorID_9_C1.png"",""fgx_from_rgb_C1.png""]","2024-09-12T15:49:05.978Z"
"ObjectId(""66e18c50d0cddd739537a305"")","0041","[""StainingVectorID_10_C1.png"",""hed_from_rgb_C2.png"",""StainingVectorID_4_C2.png"",""rbd_from_rgb_C1.png"",""StainingVectorID_12_C1.png""]","2024-09-11T17:55:50.734Z"
"ObjectId(""66e18cd4d0cddd739537cea4"")","0322","[""StainingVectorID_17_C1.png""]","2024-09-11T17:58:03.312Z"
"ObjectId(""66e18ce4d0cddd739537d442"")","0042","[""rf_mask.jpg"",""rbd_from_rgb_C1.png"",""StainingVectorID_10_C1.png"",""StainingVectorID_4_C2.png"",""StainingVectorID_5_C1.png"",""hax_from_rgb_C1.png""]","2024-09-11T17:58:19.248Z"
"ObjectId(""66e18d15d0cddd739537fe64"")","0323","[""hed_from_rgb_C2.png"",""StainingVectorID_4_C2.png""]","2024-09-11T17:59:07.929Z"
"ObjectId(""66e18d42d0cddd7395380e6e"")","0043","[""rbd_from_rgb_C1.png"",""StainingVectorID_10_C1.png"",""hed_from_rgb_C2.png"",""StainingVectorID_4_C2.png"",""StainingVectorID_5_C1.png""]","2024-09-11T17:59:52.710Z"
"ObjectId(""66e18d54d0cddd739538190d"")","0201","[""StainingVectorID_6_C3.png""]","2024-09-11T18:00:10.971Z"
"ObjectId(""66e18d56d0cddd7395381e3d"")","0324","[""hed_from_rgb_C2.png"",""StainingVectorID_4_C2.png""]","2024-09-11T18:00:13.273Z"
"ObjectId(""66e18d93d0cddd7395383bc4"")","0202","[""StainingVectorID_6_C3.png"",""StainingVectorID_6_C1.png"",""StainingVectorID_5_C1.png""]","2024-09-11T18:01:14.030Z"
"ObjectId(""66e18d9cd0cddd739538495b"")","0325","[""hed_from_rgb_C2.png"",""StainingVectorID_4_C2.png""]","2024-09-11T18:01:22.526Z"
"ObjectId(""66e18da5d0cddd7395384c3e"")","0044","[""hed_from_rgb_C2.png"",""rbd_from_rgb_C1.png"",""StainingVectorID_4_C2.png""]","2024-09-11T18:01:31.508Z"
"ObjectId(""66e18dbfd0cddd7395385cf0"")","0203","[]","2024-09-12T15:39:19.667Z"
"ObjectId(""66e18de5d0cddd7395387169"")","0326","[""hed_from_rgb_C2.png"",""StainingVectorID_4_C2.png"",""StainingVectorID_10_C1.png""]","2024-09-11T18:02:35.616Z"
"ObjectId(""66e18e0ed0cddd73953883d4"")","0204","[]","2024-09-12T15:39:32.352Z"
"ObjectId(""66e18e43d0cddd7395389f8a"")","0327","[""hed_from_rgb_C2.png"",""StainingVectorID_17_C1.png""]","2024-09-11T18:04:10.234Z"
"ObjectId(""66e18e9dd0cddd739538cecb"")","0328","[""bro_from_rgb_C2.png""]","2024-09-11T18:05:40.115Z"
"ObjectId(""66e18ec0d0cddd739538e584"")","0045","[""hed_from_rgb_C2.png"",""StainingVectorID_4_C2.png"",""StainingVectorID_10_C1.png""]","2024-09-11T18:06:15.188Z"
"ObjectId(""66e18f0bd0cddd73953902b9"")","2027","[""hed_from_rgb_C2.png"",""StainingVectorID_4_C2.png"",""StainingVectorID_10_C1.png"",""StainingVectorID_13_C2.png""]","2024-09-11T18:07:30.443Z"
"ObjectId(""66e18f17d0cddd739539118f"")","0329","[""StainingVectorID_16_C2.png"",""hpx_from_rgb_C2.png""]","2024-09-11T18:07:42.329Z"
"ObjectId(""66e18f6fd0cddd7395393974"")","0330","[""bro_from_rgb_C2.png"",""StainingVectorID_16_C2.png"",""hpx_from_rgb_C2.png""]","2024-09-11T18:09:10.079Z"
"ObjectId(""66e18f80d0cddd73953945b4"")","0046","[""rf_mask.jpg"",""StainingVectorID_4_C2.png"",""StainingVectorID_5_C1.png"",""StainingVectorID_12_C1.png"",""hax_from_rgb_C1.png""]","2024-09-11T18:09:27.068Z"
"ObjectId(""66e18fb3d0cddd739539618a"")","0331","[""rbd_from_rgb_C1.png"",""StainingVectorID_17_C1.png""]","2024-09-11T18:10:17.724Z"
"ObjectId(""66e18fe9d0cddd7395397708"")","0332","[""bro_from_rgb_C2.png""]","2024-09-11T18:11:12.132Z"
"ObjectId(""66e1901fd0cddd7395398a73"")","0047","[""hed_from_rgb_C2.png"",""StainingVectorID_4_C2.png"",""StainingVectorID_10_C1.png"",""rbd_from_rgb_C1.png""]","2024-09-11T18:12:05.563Z"
"ObjectId(""66e19046d0cddd739539a4ab"")","0333","[""StainingVectorID_19_C3.png""]","2024-09-11T18:12:44.571Z"
"ObjectId(""66e190a6d0cddd739539c07b"")","0048","[""hed_from_rgb_C2.png"",""StainingVectorID_4_C2.png"",""rbd_from_rgb_C1.png"",""StainingVectorID_12_C1.png"",""hax_from_rgb_C1.png""]","2024-09-11T18:14:21.270Z"
"ObjectId(""66e190c1d0cddd739539d157"")","2028","[""hed_from_rgb_C2.png"",""bro_from_rgb_C2.png""]","2024-09-11T18:18:11.144Z"
"ObjectId(""66e190fdd0cddd739539f502"")","0049","[""StainingVectorID_6_C1.png""]","2024-09-11T18:15:47.654Z"
"ObjectId(""66e190ffd0cddd739539f790"")","2029","[""bro_from_rgb_C2.png"",""hpx_from_rgb_C2.png"",""StainingVectorID_16_C2.png""]","2024-09-11T18:19:52.410Z"
"ObjectId(""66e19182d0cddd73953a3670"")","2030","[""rf_mask.jpg""]","2024-09-11T18:18:00.604Z"
"ObjectId(""66e1918fd0cddd73953a438d"")","0050","[""StainingVectorID_6_C1.png"",""StainingVectorID_12_C1.png"",""hax_from_rgb_C1.png""]","2024-09-11T18:18:13.890Z"
"ObjectId(""66e191b1d0cddd73953a569c"")","2031","[""hpx_from_rgb_C2.png"",""StainingVectorID_16_C2.png""]","2024-09-11T18:18:47.751Z"
"ObjectId(""66e191fed0cddd73953a9586"")","2032","[""rf_mask.jpg""]","2024-09-11T18:20:04.590Z"
"ObjectId(""66e19238d0cddd73953ad70d"")","2129","[""bro_from_rgb_C2.png"",""StainingVectorID_13_C2.png""]","2024-09-12T10:30:44.018Z"
"ObjectId(""66e19239d0cddd73953ad799"")","2033","[""rf_mask.jpg"",""hed_from_rgb_C1.png""]","2024-09-11T18:21:04.053Z"
"ObjectId(""66e1929bd0cddd73953b1f7f"")","2130","[""rbd_from_rgb_C2.png""]","2024-09-12T10:31:23.561Z"
"ObjectId(""66e192a3d0cddd73953b2778"")","2034","[""rf_mask.jpg""]","2024-09-11T18:22:49.929Z"
"ObjectId(""66e192c8d0cddd73953b4109"")","0053","[""rf_mask.jpg"",""StainingVectorID_6_C3.png"",""StainingVectorID_6_C1.png"",""hax_from_rgb_C1.png"",""StainingVectorID_17_C3.png""]","2024-09-11T18:23:26.848Z"
"ObjectId(""66e192eed0cddd73953b50d8"")","2035","[""rf_mask.jpg""]","2024-09-11T18:24:04.804Z"
"ObjectId(""66e1931ed0cddd73953b7411"")","2131","[""bro_from_rgb_C2.png""]","2024-09-12T10:32:53.743Z"
"ObjectId(""66e19327d0cddd73953b847b"")","2036","[""rf_mask.jpg""]","2024-09-11T18:25:01.856Z"
"ObjectId(""66e19337d0cddd73953b96fa"")","2132","[""rf_mask.jpg""]","2024-09-12T10:36:18.360Z"
"ObjectId(""66e1934ed0cddd73953ba691"")","2133","[""rf_mask.jpg"",""rbd_from_rgb_C2.png""]","2024-09-12T10:36:49.593Z"
"ObjectId(""66e19356d0cddd73953bae51"")","1812","[""rf_mask.jpg""]","2024-09-11T18:25:49.017Z"
"ObjectId(""66e19366d0cddd73953bc1ab"")","2134","[""rf_mask.jpg""]","2024-09-12T10:38:10.947Z"
"ObjectId(""66e19369d0cddd73953bc4dc"")","2037","[""rf_mask.jpg""]","2024-09-11T18:26:07.704Z"
"ObjectId(""66e193afd0cddd73953c057b"")","0054","[""rf_mask.jpg"",""StainingVectorID_6_C1.png"",""StainingVectorID_5_C1.png"",""hax_from_rgb_C1.png"",""StainingVectorID_12_C1.png"",""StainingVectorID_17_C3.png""]","2024-09-12T09:30:07.766Z"
"ObjectId(""66e193b3d0cddd73953c08a8"")","2135","[""bro_from_rgb_C2.png"",""StainingVectorID_13_C2.png"",""StainingVectorID_17_C1.png""]","2024-09-12T10:39:22.994Z"
"ObjectId(""66e193cfd0cddd73953c268a"")","1813","[""rf_mask.jpg""]","2024-09-11T18:27:50.318Z"
"ObjectId(""66e193e4d0cddd73953c3d5c"")","2136","[""bro_from_rgb_C2.png""]","2024-09-12T10:40:28.396Z"
"ObjectId(""66e19410d0cddd73953c5531"")","2137","[""bro_from_rgb_C2.png""]","2024-09-12T10:42:34.267Z"
"ObjectId(""66e1942cd0cddd73953c65a2"")","1814","[""StainingVectorID_13_C2.png""]","2024-09-11T18:29:22.826Z"
"ObjectId(""66e19435d0cddd73953c72c4"")","2138","[""bro_from_rgb_C2.png"",""StainingVectorID_13_C2.png""]","2024-09-12T10:43:18.106Z"
"ObjectId(""66e19460d0cddd73953c8812"")","2139","[""rf_mask.jpg""]","2024-09-12T10:44:53.549Z"
"ObjectId(""66e19470d0cddd73953c9aaf"")","2140","[""rf_mask.jpg"",""rbd_from_rgb_C2.png""]","2024-09-12T10:49:23.529Z"
"ObjectId(""66e19485d0cddd73953cac8b"")","1815","[""rf_mask.jpg""]","2024-09-11T18:30:51.861Z"
"ObjectId(""66e19488d0cddd73953cafcd"")","2141","[""rf_mask.jpg""]","2024-09-12T10:49:50.598Z"
"ObjectId(""66e19503d0cddd73953cdf11"")","0245","[""hed_from_rgb_C2.png"",""StainingVectorID_4_C2.png"",""rbd_from_rgb_C1.png"",""StainingVectorID_10_C1.png""]","2024-09-11T18:32:57.709Z"
"ObjectId(""66e19525d0cddd73953ceffd"")","2038","[""StainingVectorID_5_C2.png""]","2024-09-11T18:33:31.547Z"
"ObjectId(""66e19556d0cddd73953d0517"")","2039","[""rf_mask.jpg""]","2024-09-11T18:34:20.877Z"
"ObjectId(""66e2684bd0cddd73955f7837"")","0055","[""rf_mask.jpg"",""StainingVectorID_6_C1.png"",""StainingVectorID_4_C2.png"",""rbd_from_rgb_C1.png"",""StainingVectorID_5_C1.png"",""StainingVectorID_12_C1.png"",""StainingVectorID_17_C3.png""]","2024-09-12T09:34:25.235Z"
"ObjectId(""66e2690bd0cddd73955fa622"")","0056","[""rf_mask.jpg"",""StainingVectorID_6_C1.png"",""hax_from_rgb_C1.png"",""StainingVectorID_12_C1.png""]","2024-09-12T09:37:36.658Z"
"ObjectId(""66e26a35d0cddd73955ff6b5"")","0057","[""StainingVectorID_6_C3.png"",""StainingVectorID_6_C1.png"",""StainingVectorID_5_C1.png"",""hax_from_rgb_C1.png"",""StainingVectorID_12_C1.png""]","2024-09-12T09:42:34.265Z"
"ObjectId(""66e26a82d0cddd7395601379"")","0058","[""StainingVectorID_6_C3.png"",""StainingVectorID_6_C1.png"",""hax_from_rgb_C1.png"",""StainingVectorID_12_C1.png""]","2024-09-12T09:43:51.568Z"
"ObjectId(""66e26cefd0cddd73956095b2"")","0059","[""rf_mask.jpg"",""StainingVectorID_6_C1.png"",""hax_from_rgb_C1.png"",""StainingVectorID_12_C1.png"",""StainingVectorID_5_C1.png""]","2024-09-12T09:54:12.732Z"
"ObjectId(""66e26d51d0cddd739560b52c"")","0060","[""rf_mask.jpg"",""StainingVectorID_6_C3.png"",""StainingVectorID_6_C1.png"",""StainingVectorID_12_C1.png"",""StainingVectorID_5_C1.png"",""StainingVectorID_17_C3.png""]","2024-09-12T09:55:50.786Z"
"ObjectId(""66e26dbcd0cddd739560d43f"")","0061","[""StainingVectorID_6_C1.png"",""StainingVectorID_12_C1.png"",""StainingVectorID_5_C1.png"",""hax_from_rgb_C1.png""]","2024-09-12T09:57:37.514Z"
"ObjectId(""66e26e1cd0cddd739560feb3"")","0062","[""rf_mask.jpg"",""hed_from_rgb_C2.png"",""StainingVectorID_4_C2.png"",""StainingVectorID_12_C1.png"",""StainingVectorID_5_C1.png"",""StainingVectorID_10_C1.png"",""hax_from_rgb_C1.png""]","2024-09-12T09:59:14.205Z"
"ObjectId(""66e26e31d0cddd739561112b"")","2100","[""rf_mask.jpg""]","2024-09-12T09:59:35.139Z"
"ObjectId(""66e26e42d0cddd739561225d"")","2101","[""rf_mask.jpg""]","2024-09-12T09:59:52.108Z"
"ObjectId(""66e26e91d0cddd7395613fb2"")","0063","[""rf_mask.jpg"",""StainingVectorID_6_C1.png"",""StainingVectorID_5_C1.png"",""StainingVectorID_17_C3.png""]","2024-09-12T10:01:10.609Z"
"ObjectId(""66e26ee9d0cddd7395615ed0"")","0064","[""rf_mask.jpg"",""StainingVectorID_6_C3.png"",""StainingVectorID_6_C1.png""]","2024-09-12T10:02:38.944Z"
"ObjectId(""66e26ef9d0cddd7395616eec"")","2102","[""rf_mask.jpg""]","2024-09-12T10:02:54.759Z"
"ObjectId(""66e26f22d0cddd73956182d3"")","2103","[""rf_mask.jpg""]","2024-09-12T10:03:35.643Z"
"ObjectId(""66e26f34d0cddd7395619487"")","2104","[""rf_mask.jpg""]","2024-09-12T10:11:05.358Z"
"ObjectId(""66e26fbfd0cddd739561be75"")","0065","[""StainingVectorID_6_C3.png"",""StainingVectorID_6_C1.png"",""StainingVectorID_5_C1.png"",""StainingVectorID_12_C1.png"",""hax_from_rgb_C1.png"",""StainingVectorID_17_C3.png""]","2024-09-12T10:06:12.895Z"
"ObjectId(""66e270fcd0cddd7395622618"")","2105","[""rf_mask.jpg""]","2024-09-12T10:11:29.912Z"
"ObjectId(""66e27136d0cddd7395623e69"")","2106","[""rf_mask.jpg""]","2024-09-12T10:12:27.857Z"
"ObjectId(""66e2713fd0cddd7395624685"")","0066","[""StainingVectorID_6_C3.png"",""StainingVectorID_6_C1.png""]","2024-09-12T10:12:37.145Z"
"ObjectId(""66e2714fd0cddd7395626412"")","2107","[""rf_mask.jpg""]","2024-09-12T10:12:52.571Z"
"ObjectId(""66e2717ad0cddd7395627dd2"")","0067","[""StainingVectorID_6_C1.png"",""StainingVectorID_5_C1.png"",""StainingVectorID_12_C1.png"",""hax_from_rgb_C1.png""]","2024-09-12T10:13:35.934Z"
"ObjectId(""66e27198d0cddd7395629211"")","2108","[""rf_mask.jpg""]","2024-09-12T10:14:05.393Z"
"ObjectId(""66e271b0d0cddd739562a967"")","2109","[""rf_mask.jpg""]","2024-09-12T10:14:29.824Z"
"ObjectId(""66e271c8d0cddd739562bfe2"")","0068","[""StainingVectorID_6_C1.png"",""StainingVectorID_5_C1.png"",""StainingVectorID_12_C1.png"",""rbd_from_rgb_C1.png"",""StainingVectorID_10_C1.png""]","2024-09-12T10:14:54.117Z"
"ObjectId(""66e271fdd0cddd739562da12"")","2110","[""rf_mask.jpg""]","2024-09-12T10:15:46.846Z"
"ObjectId(""66e27220d0cddd739562ebea"")","0069","[""StainingVectorID_5_C1.png""]","2024-09-12T10:16:21.717Z"
"ObjectId(""66e27262d0cddd739563087d"")","2111","[""rf_mask.jpg""]","2024-09-12T10:17:28.101Z"
"ObjectId(""66e27270d0cddd739563126a"")","0070","[""StainingVectorID_5_C1.png"",""StainingVectorID_12_C1.png""]","2024-09-12T10:17:42.018Z"
"ObjectId(""66e27291d0cddd7395632ca3"")","2112","[""rf_mask.jpg""]","2024-09-12T10:18:14.775Z"
"ObjectId(""66e272dcd0cddd7395634aa3"")","2113","[""rf_mask.jpg""]","2024-09-12T10:19:29.853Z"
"ObjectId(""66e272ebd0cddd7395635763"")","0071","[""StainingVectorID_6_C3.png"",""StainingVectorID_6_C1.png"",""StainingVectorID_5_C1.png""]","2024-09-12T10:19:44.622Z"
"ObjectId(""66e272f6d0cddd7395636b0c"")","2114","[""rf_mask.jpg""]","2024-09-12T10:19:55.642Z"
"ObjectId(""66e27310d0cddd739563807d"")","2115","[""rf_mask.jpg""]","2024-09-12T10:20:21.896Z"
"ObjectId(""66e2731ed0cddd739563917e"")","0072","[""StainingVectorID_6_C1.png"",""hax_from_rgb_C1.png"",""StainingVectorID_17_C3.png""]","2024-09-12T10:20:35.977Z"
"ObjectId(""66e2732bd0cddd739563a634"")","2116","[""rf_mask.jpg""]","2024-09-12T10:20:48.930Z"
"ObjectId(""66e27353d0cddd739563c000"")","2117","[""rf_mask.jpg""]","2024-09-12T10:21:28.625Z"
"ObjectId(""66e27360d0cddd739563cbcb"")","2118","[""rf_mask.jpg""]","2024-09-12T10:22:33.800Z"
"ObjectId(""66e27362d0cddd739563cf3a"")","0073","[""rf_mask.jpg"",""StainingVectorID_6_C1.png"",""StainingVectorID_5_C1.png""]","2024-09-12T10:21:44.053Z"
"ObjectId(""66e2739dd0cddd73956417c6"")","0074","[""StainingVectorID_6_C1.png"",""StainingVectorID_5_C1.png"",""StainingVectorID_17_C3.png""]","2024-09-12T10:22:42.662Z"
"ObjectId(""66e273b0d0cddd7395643203"")","2119","[""rf_mask.jpg""]","2024-09-12T10:23:01.243Z"
"ObjectId(""66e273bfd0cddd7395643e64"")","2120","[""rf_mask.jpg""]","2024-09-12T10:23:16.921Z"
"ObjectId(""66e273d2d0cddd7395645632"")","2121","[""rf_mask.jpg""]","2024-09-12T10:23:36.032Z"
"ObjectId(""66e273e4d0cddd7395646924"")","2122","[""rf_mask.jpg""]","2024-09-12T10:23:53.241Z"
"ObjectId(""66e273f6d0cddd7395647b48"")","2123","[""StainingVectorID_13_C2.png""]","2024-09-12T10:24:48.533Z"
"ObjectId(""66e27407d0cddd7395648c90"")","0075","[""StainingVectorID_6_C1.png"",""StainingVectorID_5_C1.png"",""StainingVectorID_12_C1.png"",""hax_from_rgb_C1.png""]","2024-09-12T10:24:28.292Z"
"ObjectId(""66e27445d0cddd739564bd06"")","2124","[""StainingVectorID_13_C2.png""]","2024-09-12T10:25:30.431Z"
"ObjectId(""66e2745dd0cddd739564d0d3"")","0076","[""StainingVectorID_6_C3.png"",""StainingVectorID_6_C1.png""]","2024-09-12T10:25:54.768Z"
"ObjectId(""66e27469d0cddd739564df98"")","2125","[""StainingVectorID_13_C2.png""]","2024-09-12T10:26:06.613Z"
"ObjectId(""66e2748fd0cddd739564f9b3"")","2126","[""rf_mask.jpg"",""hdx_from_rgb_C1.png""]","2024-09-12T10:26:44.680Z"
"ObjectId(""66e274a6d0cddd7395650b0c"")","0077","[""rf_mask.jpg"",""StainingVectorID_6_C3.png"",""StainingVectorID_6_C1.png"",""StainingVectorID_5_C1.png""]","2024-09-12T10:27:07.813Z"
"ObjectId(""66e274bbd0cddd7395651e20"")","2127","[""rf_mask.jpg""]","2024-09-12T10:27:28.729Z"
"ObjectId(""66e274e4d0cddd7395653586"")","0078","[""rf_mask.jpg"",""StainingVectorID_6_C3.png"",""StainingVectorID_6_C1.png"",""StainingVectorID_5_C1.png"",""StainingVectorID_12_C1.png"",""hax_from_rgb_C1.png"",""StainingVectorID_17_C3.png""]","2024-09-12T10:28:09.958Z"
"ObjectId(""66e27507d0cddd7395654c14"")","2128","[""hed_from_rgb_C1.png"",""rbd_from_rgb_C2.png""]","2024-09-12T10:28:45.140Z"
"ObjectId(""66e2752cd0cddd73956561d0"")","0079","[""StainingVectorID_6_C1.png"",""StainingVectorID_5_C1.png"",""StainingVectorID_12_C1.png"",""hax_from_rgb_C1.png""]","2024-09-12T10:29:21.691Z"
"ObjectId(""66e275a1d0cddd73956591a8"")","0080","[""StainingVectorID_6_C1.png"",""StainingVectorID_5_C1.png""]","2024-09-12T10:31:18.912Z"
"ObjectId(""66e276edd0cddd739566033f"")","0081","[""StainingVectorID_6_C1.png"",""rbd_from_rgb_C1.png""]","2024-09-12T10:36:50.601Z"
"ObjectId(""66e2772cd0cddd7395662b09"")","0082","[""StainingVectorID_6_C1.png""]","2024-09-12T10:37:53.963Z"
"ObjectId(""66e27777d0cddd7395665513"")","0083","[""StainingVectorID_6_C1.png"",""StainingVectorID_5_C1.png"",""StainingVectorID_12_C1.png"",""hax_from_rgb_C1.png"",""StainingVectorID_17_C3.png""]","2024-09-12T10:39:08.203Z"
"ObjectId(""66e277aed0cddd739566800d"")","0084","[""StainingVectorID_6_C3.png"",""StainingVectorID_6_C1.png"",""StainingVectorID_5_C1.png""]","2024-09-12T10:40:03.305Z"
"ObjectId(""66e277fdd0cddd739566ae84"")","0085","[""StainingVectorID_6_C1.png"",""StainingVectorID_5_C1.png""]","2024-09-12T10:41:22.379Z"
"ObjectId(""66e2784ed0cddd739566d383"")","0086","[""rf_mask.jpg"",""StainingVectorID_6_C1.png"",""StainingVectorID_5_C1.png""]","2024-09-12T10:42:43.906Z"
"ObjectId(""66e278cad0cddd7395670eee"")","0087","[""StainingVectorID_6_C3.png""]","2024-09-12T10:44:47.777Z"
"ObjectId(""66e27927d0cddd7395673e4c"")","0088","[""StainingVectorID_6_C1.png"",""StainingVectorID_6_C3.png"",""StainingVectorID_5_C1.png"",""hax_from_rgb_C1.png"",""StainingVectorID_17_C3.png""]","2024-09-12T10:46:21.054Z"
"ObjectId(""66e27964d0cddd73956758f8"")","0089","[""StainingVectorID_6_C3.png""]","2024-09-12T10:47:21.300Z"
"ObjectId(""66e279cad0cddd739567897d"")","0090","[""StainingVectorID_6_C3.png""]","2024-09-12T10:49:03.889Z"
"ObjectId(""66e27a29d0cddd739567cb14"")","2142","[""rf_mask.jpg"",""hed_from_rgb_C1.png"",""StainingVectorID_14_C1.png""]","2024-09-12T10:50:38.717Z"
"ObjectId(""66e27a59d0cddd739567e1d7"")","2143","[""rf_mask.jpg"",""StainingVectorID_4_C1.png""]","2024-09-12T10:51:27.003Z"
"ObjectId(""66e27a5ad0cddd739567e266"")","0091","[""rf_mask.jpg"",""StainingVectorID_6_C3.png""]","2024-09-12T10:51:27.880Z"
"ObjectId(""66e27a83d0cddd7395680a19"")","0092","[""StainingVectorID_6_C3.png""]","2024-09-12T10:52:08.219Z"
"ObjectId(""66e27a85d0cddd7395680bd8"")","2144","[""rf_mask.jpg"",""rbd_from_rgb_C2.png"",""StainingVectorID_10_C2.png""]","2024-09-12T10:52:10.621Z"
"ObjectId(""66e27ac4d0cddd73956837cb"")","0093","[""StainingVectorID_6_C3.png"",""StainingVectorID_6_C1.png""]","2024-09-12T10:53:13.184Z"
"ObjectId(""66e27ad3d0cddd73956843fc"")","2145","[""rf_mask.jpg"",""StainingVectorID_4_C1.png""]","2024-09-12T10:53:28.227Z"
"ObjectId(""66e27afdd0cddd7395685c4a"")","0094","[""StainingVectorID_6_C1.png""]","2024-09-12T10:54:10.584Z"
"ObjectId(""66e27b05d0cddd7395686291"")","2146","[""rf_mask.jpg""]","2024-09-12T10:54:18.394Z"
"ObjectId(""66e27b21d0cddd73956882c5"")","0095","[""StainingVectorID_6_C3.png""]","2024-09-12T10:54:46.731Z"
"ObjectId(""66e27b37d0cddd7395689604"")","2147","[""rf_mask.jpg""]","2024-09-12T10:55:08.490Z"
"ObjectId(""66e27b49d0cddd739568a6b1"")","2148","[""rf_mask.jpg""]","2024-09-12T10:56:21.092Z"
"ObjectId(""66e27b59d0cddd739568b4b7"")","0096","[""StainingVectorID_6_C3.png""]","2024-09-12T10:55:43.159Z"
"ObjectId(""66e27b92d0cddd739568e725"")","2149","[""rf_mask.jpg""]","2024-09-12T10:57:12.104Z"
"ObjectId(""66e27b9dd0cddd739568f0aa"")","0097","[""StainingVectorID_6_C1.png""]","2024-09-12T10:56:50.680Z"
"ObjectId(""66e27bced0cddd7395692179"")","0098","[""StainingVectorID_6_C3.png"",""StainingVectorID_6_C1.png"",""StainingVectorID_17_C3.png""]","2024-09-12T10:57:39.486Z"
"ObjectId(""66e27be3d0cddd739569369d"")","2150","[""rf_mask.jpg""]","2024-09-12T10:58:00.192Z"
"ObjectId(""66e27c1dd0cddd7395695f6d"")","0100","[""StainingVectorID_6_C3.png"",""StainingVectorID_17_C3.png""]","2024-09-12T10:58:58.402Z"
"ObjectId(""66e27ca7d0cddd7395699362"")","0101","[""StainingVectorID_6_C3.png""]","2024-09-12T11:01:16.987Z"
"ObjectId(""66e27cebd0cddd739569ab0e"")","0102","[""StainingVectorID_6_C3.png""]","2024-09-12T11:02:24.827Z"
"ObjectId(""66e27d23d0cddd739569c3da"")","0103","[""StainingVectorID_6_C3.png""]","2024-09-12T11:03:20.266Z"
"ObjectId(""66e27d68d0cddd739569de36"")","0104","[""StainingVectorID_6_C3.png"",""StainingVectorID_6_C1.png""]","2024-09-12T11:04:29.401Z"
"ObjectId(""66e27db8d0cddd739569fb2e"")","2151","[""rf_mask.jpg""]","2024-09-12T11:05:49.206Z"
"ObjectId(""66e27dbcd0cddd739569fdb9"")","0105","[""StainingVectorID_6_C3.png"",""StainingVectorID_17_C3.png""]","2024-09-12T11:05:53.738Z"
"ObjectId(""66e27ddad0cddd73956a2196"")","2152","[""rf_mask.jpg""]","2024-09-12T11:06:23.564Z"
"ObjectId(""66e27dfdd0cddd73956a3a9e"")","2153","[""bro_from_rgb_C2.png"",""StainingVectorID_13_C2.png""]","2024-09-12T11:06:58.901Z"
"ObjectId(""66e27e06d0cddd73956a42ac"")","0106","[""StainingVectorID_6_C3.png""]","2024-09-12T11:07:07.988Z"
"ObjectId(""66e27e3bd0cddd73956a64c0"")","2154","[""rf_mask.jpg""]","2024-09-12T11:08:00.261Z"
"ObjectId(""66e27e42d0cddd73956a6a43"")","0107","[""StainingVectorID_6_C3.png"",""StainingVectorID_6_C1.png"",""StainingVectorID_12_C1.png""]","2024-09-12T11:08:07.193Z"
"ObjectId(""66e27eacd0cddd73956a927a"")","0108","[""StainingVectorID_6_C3.png"",""StainingVectorID_17_C3.png""]","2024-09-12T11:09:53.610Z"
"ObjectId(""66e27ec1d0cddd73956aa9a9"")","2155","[""rf_mask.jpg""]","2024-09-12T11:10:14.327Z"
"ObjectId(""66e27f04d0cddd73956ac66f"")","2156","[""rf_mask.jpg""]","2024-09-12T11:11:21.817Z"
"ObjectId(""66e27f19d0cddd73956ad5b0"")","2157","[""rf_mask.jpg""]","2024-09-12T11:12:09.104Z"
"ObjectId(""66e27f1fd0cddd73956adae8"")","0109","[""StainingVectorID_6_C3.png"",""StainingVectorID_6_C1.png"",""StainingVectorID_12_C1.png"",""StainingVectorID_10_C1.png""]","2024-09-12T11:11:48.885Z"
"ObjectId(""66e27f5bd0cddd73956b0eea"")","2158","[""rf_mask.jpg""]","2024-09-12T11:12:48.659Z"
"ObjectId(""66e27f6ad0cddd73956b2082"")","2159","[""rf_mask.jpg"",""hed_from_rgb_C1.png""]","2024-09-12T11:13:42.059Z"
"ObjectId(""66e27fcad0cddd73956b5dde"")","2160","[""rf_mask.jpg""]","2024-09-12T11:14:39.641Z"
"ObjectId(""66e27fded0cddd73956b7a9f"")","2161","[""rf_mask.jpg""]","2024-09-12T11:14:59.273Z"
"ObjectId(""66e27ffcd0cddd73956b95aa"")","2162","[""rf_mask.jpg"",""hed_from_rgb_C1.png""]","2024-09-12T11:15:29.451Z"
"ObjectId(""66e28012d0cddd73956ba699"")","2163","[""rf_mask.jpg""]","2024-09-12T11:15:51.389Z"
"ObjectId(""66e2803cd0cddd73956bbd39"")","2164","[""rf_mask.jpg"",""hed_from_rgb_C1.png"",""StainingVectorID_10_C2.png""]","2024-09-12T11:16:33.685Z"
"ObjectId(""66e28057d0cddd73956bd1fb"")","2165","[""hed_from_rgb_C1.png""]","2024-09-12T11:17:00.824Z"
"ObjectId(""66e28090d0cddd73956bea4d"")","2166","[""rf_mask.jpg"",""hed_from_rgb_C1.png""]","2024-09-12T11:17:57.903Z"
"ObjectId(""66e2809ed0cddd73956bf960"")","1000","[""bro_from_rgb_C2.png"",""hed_from_rgb_C2.png"",""StainingVectorID_4_C2.png"",""StainingVectorID_13_C2.png"",""hpx_from_rgb_C2.png"",""StainingVectorID_16_C2.png"",""StainingVectorID_17_C1.png"",""StainingVectorID_6_C2.png""]","2024-09-12T11:18:12.123Z"
"ObjectId(""66e280a3d0cddd73956c0191"")","2167","[""rf_mask.jpg"",""hed_from_rgb_C1.png""]","2024-09-12T11:18:57.053Z"
"ObjectId(""66e280f3d0cddd73956c4075"")","2168","[""rf_mask.jpg"",""hed_from_rgb_C1.png""]","2024-09-12T11:19:36.427Z"
"ObjectId(""66e2810fd0cddd73956c5743"")","2169","[""rf_mask.jpg""]","2024-09-12T11:20:04.853Z"
"ObjectId(""66e28118d0cddd73956c5c4a"")","1001","[""bro_from_rgb_C2.png"",""StainingVectorID_4_C2.png"",""StainingVectorID_13_C2.png"",""hpx_from_rgb_C2.png"",""StainingVectorID_19_C3.png""]","2024-09-12T11:20:13.308Z"
"ObjectId(""66e2815cd0cddd73956c83cb"")","2170","[""rf_mask.jpg""]","2024-09-12T11:21:21.259Z"
"ObjectId(""66e2816ad0cddd73956c9383"")","1002","[""StainingVectorID_13_C2.png"",""hpx_from_rgb_C2.png""]","2024-09-12T11:21:35.981Z"
"ObjectId(""66e2818dd0cddd73956cb3fa"")","2171","[""rf_mask.jpg"",""hed_from_rgb_C1.png""]","2024-09-12T11:22:10.570Z"
"ObjectId(""66e281f2d0cddd73956cef81"")","1003","[""bro_from_rgb_C2.png"",""StainingVectorID_13_C2.png"",""StainingVectorID_16_C2.png""]","2024-09-12T11:23:51.677Z"
"ObjectId(""66e2825bd0cddd73956d1381"")","2172","[""rf_mask.jpg""]","2024-09-12T11:25:37.083Z"
"ObjectId(""66e28272d0cddd73956d2c7b"")","2173","[""rf_mask.jpg""]","2024-09-12T11:25:59.375Z"
"ObjectId(""66e28279d0cddd73956d3424"")","1004","[""bro_from_rgb_C2.png"",""StainingVectorID_13_C2.png"",""hpx_from_rgb_C2.png"",""StainingVectorID_16_C2.png""]","2024-09-12T11:26:06.367Z"
"ObjectId(""66e2828bd0cddd73956d5637"")","2174","[""rf_mask.jpg""]","2024-09-12T11:26:24.261Z"
"ObjectId(""66e282d1d0cddd73956d76a3"")","2175","[""rf_mask.jpg""]","2024-09-12T11:27:34.788Z"
"ObjectId(""66e282d2d0cddd73956d777d"")","1005","[""bro_from_rgb_C2.png"",""StainingVectorID_13_C2.png"",""hpx_from_rgb_C2.png"",""StainingVectorID_16_C2.png"",""StainingVectorID_17_C1.png""]","2024-09-12T11:27:35.487Z"
"ObjectId(""66e28322d0cddd73956dad2c"")","2176","[""rf_mask.jpg""]","2024-09-12T11:28:55.558Z"
"ObjectId(""66e2832cd0cddd73956db799"")","1006","[""StainingVectorID_13_C2.png"",""hpx_from_rgb_C2.png"",""StainingVectorID_16_C2.png""]","2024-09-12T11:29:05.879Z"
"ObjectId(""66e28a43d0cddd73956ecf6a"")","2177","[""rbd_from_rgb_C1.png"",""StainingVectorID_10_C1.png"",""StainingVectorID_17_C1.png""]","2024-09-12T11:59:20.280Z"
"ObjectId(""66e28a68d0cddd73956ee4ab"")","2178","[""bro_from_rgb_C2.png"",""StainingVectorID_13_C2.png"",""hpx_from_rgb_C2.png""]","2024-09-12T11:59:57.624Z"
"ObjectId(""66e28aa2d0cddd73956efd77"")","2179","[""bro_from_rgb_C2.png"",""StainingVectorID_13_C2.png""]","2024-09-12T12:00:55.596Z"
"ObjectId(""66e28adcd0cddd73956f1a83"")","2180","[""bro_from_rgb_C2.png"",""StainingVectorID_13_C2.png""]","2024-09-12T12:01:53.748Z"
"ObjectId(""66e28b08d0cddd73956f34a2"")","2181","[""bro_from_rgb_C2.png"",""StainingVectorID_13_C2.png"",""StainingVectorID_19_C3.png""]","2024-09-12T12:02:37.834Z"
"ObjectId(""66e28b30d0cddd73956f4dfa"")","2182","[""StainingVectorID_19_C3.png""]","2024-09-12T12:03:17.266Z"
"ObjectId(""66e28b52d0cddd73956f661d"")","2183","[""hdx_from_rgb_C1.png""]","2024-09-12T12:03:51.136Z"
"ObjectId(""66e28b7fd0cddd73956f7cf9"")","2184","[""bro_from_rgb_C2.png""]","2024-09-12T12:04:36.298Z"
"ObjectId(""66e28bb2d0cddd73956f98bc"")","2185","[""bro_from_rgb_C2.png"",""StainingVectorID_13_C2.png""]","2024-09-12T12:05:27.970Z"
"ObjectId(""66e28bd8d0cddd73956fb195"")","2186","[""hdx_from_rgb_C1.png""]","2024-09-12T12:06:05.324Z"
"ObjectId(""66e28c61d0cddd73956fd7e6"")","1007","[""StainingVectorID_13_C2.png"",""hpx_from_rgb_C2.png"",""StainingVectorID_16_C2.png""]","2024-09-12T12:08:22.180Z"
"ObjectId(""66e28ca1d0cddd73956ff41d"")","1008","[""StainingVectorID_17_C1.png""]","2024-09-12T12:09:26.184Z"
"ObjectId(""66e28ccdd0cddd7395701332"")","2187","[""StainingVectorID_19_C3.png"",""hdx_from_rgb_C1.png""]","2024-09-12T12:10:10.866Z"
"ObjectId(""66e28cf1d0cddd7395702bde"")","2188","[""bro_from_rgb_C2.png"",""StainingVectorID_13_C2.png""]","2024-09-12T12:10:46.830Z"
"ObjectId(""66e28d20d0cddd73957046e8"")","1009","[""bro_from_rgb_C2.png"",""StainingVectorID_13_C2.png"",""hpx_from_rgb_C2.png"",""StainingVectorID_16_C2.png"",""StainingVectorID_17_C1.png""]","2024-09-12T12:11:33.341Z"
"ObjectId(""66e28d4fd0cddd7395706872"")","2189","[""StainingVectorID_19_C3.png""]","2024-09-12T12:12:20.275Z"
"ObjectId(""66e28d67d0cddd739570845c"")","1010","[""bro_from_rgb_C2.png"",""StainingVectorID_13_C2.png"",""hpx_from_rgb_C2.png""]","2024-09-12T12:12:44.759Z"
"ObjectId(""66e28d78d0cddd73957098e0"")","2190","[""StainingVectorID_19_C3.png"",""hdx_from_rgb_C1.png""]","2024-09-12T12:13:01.547Z"
"ObjectId(""66e28dfad0cddd739570c01e"")","1011","[""StainingVectorID_13_C2.png"",""StainingVectorID_16_C2.png""]","2024-09-12T12:15:11.277Z"
"ObjectId(""66e28e2dd0cddd739570dd29"")","2191","[""bro_from_rgb_C2.png"",""StainingVectorID_13_C2.png""]","2024-09-12T12:16:01.849Z"
"ObjectId(""66e28e63d0cddd739570f8c2"")","1012","[""StainingVectorID_13_C2.png"",""bro_from_rgb_C2.png"",""StainingVectorID_4_C2.png"",""hed_from_rgb_C2.png"",""hpx_from_rgb_C2.png"",""rbd_from_rgb_C1.png"",""StainingVectorID_10_C1.png"",""StainingVectorID_16_C2.png"",""StainingVectorID_19_C3.png""]","2024-09-12T12:16:57.017Z"
"ObjectId(""66e28ec8d0cddd7395711bd5"")","1013","[""StainingVectorID_13_C2.png"",""StainingVectorID_17_C1.png""]","2024-09-12T12:18:37.223Z"
"ObjectId(""66e28ed4d0cddd7395712d74"")","2192","[""StainingVectorID_13_C2.png"",""bro_from_rgb_C2.png""]","2024-09-12T12:18:49.264Z"
"ObjectId(""66e28efbd0cddd73957151d0"")","2193","[""StainingVectorID_13_C2.png"",""bro_from_rgb_C2.png""]","2024-09-12T12:19:28.355Z"
"ObjectId(""66e28f07d0cddd739571625a"")","1014","[""StainingVectorID_13_C2.png"",""bro_from_rgb_C2.png"",""hpx_from_rgb_C2.png"",""StainingVectorID_16_C2.png""]","2024-09-12T12:19:40.598Z"
"ObjectId(""66e28f20d0cddd7395718b5d"")","2194","[""hdx_from_rgb_C1.png""]","2024-09-12T12:20:05.199Z"
"ObjectId(""66e28f66d0cddd739571aa16"")","2195","[""StainingVectorID_14_C1.png""]","2024-09-12T12:21:15.103Z"
"ObjectId(""66e28f74d0cddd739571be5c"")","1015","[""bro_from_rgb_C2.png"",""hed_from_rgb_C2.png"",""StainingVectorID_4_C2.png"",""hpx_from_rgb_C2.png"",""StainingVectorID_16_C2.png"",""StainingVectorID_17_C1.png""]","2024-09-12T12:21:29.635Z"
"ObjectId(""66e28f8fd0cddd739571dbff"")","2196","[""rbd_from_rgb_C2.png"",""StainingVectorID_4_C1.png"",""StainingVectorID_10_C2.png""]","2024-09-12T12:21:56.556Z"
"ObjectId(""66e29068d0cddd7395720c5c"")","1016","[""StainingVectorID_13_C2.png"",""bro_from_rgb_C2.png"",""hpx_from_rgb_C2.png"",""StainingVectorID_16_C2.png""]","2024-09-12T12:25:33.386Z"
"ObjectId(""66e290c3d0cddd7395722ee9"")","2197","[""rf_mask.jpg""]","2024-09-12T12:27:04.546Z"
"ObjectId(""66e290dfd0cddd7395724922"")","2198","[""rbd_from_rgb_C2.png"",""StainingVectorID_10_C2.png"",""StainingVectorID_4_C1.png""]","2024-09-12T12:27:32.716Z"
"ObjectId(""66e290f3d0cddd7395725fdf"")","1017","[""StainingVectorID_13_C2.png""]","2024-09-12T12:27:52.501Z"
"ObjectId(""66e29120d0cddd7395727d8a"")","2199","[""StainingVectorID_4_C1.png""]","2024-09-12T12:28:37.347Z"
"ObjectId(""66e2912fd0cddd7395728e7c"")","1018","[""hpx_from_rgb_C2.png"",""StainingVectorID_16_C2.png""]","2024-09-12T12:28:52.905Z"
"ObjectId(""66e2920bd0cddd739572c75b"")","1019","[""StainingVectorID_13_C2.png"",""bro_from_rgb_C2.png"",""StainingVectorID_4_C2.png"",""hpx_from_rgb_C2.png"",""StainingVectorID_16_C2.png"",""StainingVectorID_10_C1.png"",""StainingVectorID_19_C3.png""]","2024-09-12T12:32:32.060Z"
"ObjectId(""66e29255d0cddd739572e9a2"")","1020","[""StainingVectorID_13_C2.png"",""bro_from_rgb_C2.png"",""hpx_from_rgb_C2.png"",""StainingVectorID_16_C2.png"",""StainingVectorID_17_C1.png""]","2024-09-12T12:33:46.463Z"
"ObjectId(""66e29274d0cddd7395730d08"")","2200","[""StainingVectorID_4_C1.png"",""StainingVectorID_14_C1.png""]","2024-09-12T12:34:17.701Z"
"ObjectId(""66e2928fd0cddd739573244e"")","1021","[""bro_from_rgb_C2.png"",""hpx_from_rgb_C2.png"",""StainingVectorID_16_C2.png""]","2024-09-12T12:34:45.028Z"
"ObjectId(""66e292a9d0cddd7395734191"")","2201","[""rbd_from_rgb_C2.png"",""StainingVectorID_4_C1.png""]","2024-09-12T12:35:10.271Z"
"ObjectId(""66e292ded0cddd7395735e0b"")","1022","[""StainingVectorID_13_C2.png"",""hpx_from_rgb_C2.png"",""StainingVectorID_16_C2.png"",""StainingVectorID_17_C1.png""]","2024-09-12T12:36:03.187Z"
"ObjectId(""66e29318d0cddd7395737b4e"")","2202","[""StainingVectorID_14_C1.png"",""bpx_from_rgb_C1.png""]","2024-09-12T12:37:01.249Z"
"ObjectId(""66e2932bd0cddd7395739104"")","1023","[""StainingVectorID_13_C2.png"",""bro_from_rgb_C2.png"",""hpx_from_rgb_C2.png"",""StainingVectorID_16_C2.png"",""StainingVectorID_17_C1.png""]","2024-09-12T12:37:20.045Z"
"ObjectId(""66e29370d0cddd739573b4a5"")","2203","[""StainingVectorID_4_C1.png""]","2024-09-12T12:38:29.299Z"
"ObjectId(""66e2937fd0cddd739573c55f"")","1024","[""hpx_from_rgb_C2.png"",""StainingVectorID_16_C2.png"",""StainingVectorID_17_C1.png""]","2024-09-12T12:38:44.798Z"
"ObjectId(""66e29394d0cddd739573e41d"")","2204","[""StainingVectorID_13_C2.png"",""bro_from_rgb_C2.png"",""hpx_from_rgb_C2.png"",""StainingVectorID_17_C1.png""]","2024-09-12T12:39:05.693Z"
"ObjectId(""66e293c3d0cddd73957402e9"")","1025","[""bro_from_rgb_C2.png"",""hpx_from_rgb_C2.png"",""StainingVectorID_16_C2.png"",""StainingVectorID_17_C1.png""]","2024-09-12T12:39:52.161Z"
"ObjectId(""66e293c9d0cddd73957419c0"")","2205","[""hdx_from_rgb_C1.png""]","2024-09-12T12:39:58.377Z"
"ObjectId(""66e293fad0cddd739574364f"")","1026","[""bro_from_rgb_C2.png"",""hpx_from_rgb_C2.png"",""StainingVectorID_16_C2.png"",""StainingVectorID_17_C1.png""]","2024-09-12T12:40:47.498Z"
"ObjectId(""66e29404d0cddd7395744cce"")","2206","[""hdx_from_rgb_C1.png""]","2024-09-12T12:40:57.372Z"
"ObjectId(""66e2943ad0cddd7395746eb4"")","2207","[""hdx_from_rgb_C1.png""]","2024-09-12T12:41:51.146Z"
"ObjectId(""66e29440d0cddd7395747437"")","1027","[""bro_from_rgb_C2.png"",""StainingVectorID_13_C2.png"",""hpx_from_rgb_C2.png"",""StainingVectorID_16_C2.png"",""StainingVectorID_17_C1.png""]","2024-09-12T12:41:57.073Z"
"ObjectId(""66e29478d0cddd739574ae3c"")","1028","[""hpx_from_rgb_C2.png"",""StainingVectorID_16_C2.png""]","2024-09-12T12:42:53.544Z"
"ObjectId(""66e2947bd0cddd739574c65d"")","2208","[""rbd_from_rgb_C2.png""]","2024-09-12T12:42:56.283Z"
"ObjectId(""66e2949cd0cddd739574e2e9"")","2209","[""StainingVectorID_19_C3.png""]","2024-09-12T12:43:29.377Z"
"ObjectId(""66e294a8d0cddd739574f15f"")","1029","[""StainingVectorID_13_C2.png"",""bro_from_rgb_C2.png"",""hpx_from_rgb_C2.png"",""StainingVectorID_16_C2.png""]","2024-09-12T12:43:41.274Z"
"ObjectId(""66e294cad0cddd73957518f3"")","2210","[""hed_from_rgb_C1.png"",""StainingVectorID_4_C1.png""]","2024-09-12T12:44:15.489Z"
"ObjectId(""66e294fad0cddd739575373b"")","1030","[""bro_from_rgb_C2.png"",""StainingVectorID_13_C2.png"",""StainingVectorID_16_C2.png"",""StainingVectorID_4_C2.png"",""hed_from_rgb_C2.png"",""StainingVectorID_17_C1.png""]","2024-09-12T12:45:03.551Z"
"ObjectId(""66e2952ad0cddd7395755405"")","1031","[""bro_from_rgb_C2.png"",""StainingVectorID_13_C2.png"",""hpx_from_rgb_C2.png"",""StainingVectorID_16_C2.png"",""StainingVectorID_17_C1.png""]","2024-09-12T12:45:51.405Z"
"ObjectId(""66e2954ad0cddd73957572f4"")","2211","[""StainingVectorID_4_C1.png""]","2024-09-12T12:46:23.784Z"
"ObjectId(""66e29569d0cddd7395758d68"")","2212","[""hed_from_rgb_C1.png"",""StainingVectorID_4_C1.png""]","2024-09-12T12:46:54.989Z"
"ObjectId(""66e2959ad0cddd739575b2de"")","2213","[""StainingVectorID_19_C3.png""]","2024-09-12T12:47:43.960Z"
"ObjectId(""66e295c8d0cddd739575d02b"")","2214","[""StainingVectorID_4_C1.png"",""StainingVectorID_14_C1.png""]","2024-09-12T12:48:29.672Z"
"ObjectId(""66e295d0d0cddd739575e7d4"")","1032","[""hpx_from_rgb_C2.png"",""StainingVectorID_16_C2.png""]","2024-09-12T12:48:37.127Z"
"ObjectId(""66e29614d0cddd7395760d69"")","2215","[""StainingVectorID_4_C1.png"",""bpx_from_rgb_C1.png""]","2024-09-12T12:49:45.549Z"
"ObjectId(""66e29644d0cddd7395762b4b"")","1033","[""StainingVectorID_13_C2.png"",""hpx_from_rgb_C2.png"",""StainingVectorID_16_C2.png""]","2024-09-12T12:50:33.647Z"
"ObjectId(""66e29676d0cddd7395764c38"")","1034","[""StainingVectorID_13_C2.png"",""bro_from_rgb_C2.png"",""hpx_from_rgb_C2.png"",""StainingVectorID_16_C2.png"",""StainingVectorID_17_C1.png""]","2024-09-12T12:51:23.594Z"
"ObjectId(""66e29684d0cddd73957668b0"")","2216","[""StainingVectorID_10_C2.png""]","2024-09-12T12:51:37.764Z"
"ObjectId(""66e296a1d0cddd73957684a8"")","2217","[""StainingVectorID_19_C3.png""]","2024-09-12T12:52:06.135Z"
"ObjectId(""66e296c7d0cddd739576a3f4"")","1035","[""StainingVectorID_13_C2.png"",""bro_from_rgb_C2.png"",""hpx_from_rgb_C2.png"",""StainingVectorID_16_C2.png""]","2024-09-12T12:52:44.516Z"
"ObjectId(""66e29708d0cddd739576dfe1"")","1036","[""StainingVectorID_13_C2.png"",""bro_from_rgb_C2.png"",""hpx_from_rgb_C2.png"",""StainingVectorID_16_C2.png""]","2024-09-12T12:53:49.047Z"
"ObjectId(""66e2973bd0cddd739576fd83"")","1037","[""hpx_from_rgb_C2.png"",""StainingVectorID_16_C2.png""]","2024-09-12T12:54:40.716Z"
"ObjectId(""66e29752d0cddd7395771f33"")","2218","[""StainingVectorID_19_C3.png"",""hdx_from_rgb_C1.png""]","2024-09-12T12:55:03.210Z"
"ObjectId(""66e29779d0cddd73957740a2"")","1038","[""StainingVectorID_13_C2.png"",""bro_from_rgb_C2.png"",""hpx_from_rgb_C2.png"",""StainingVectorID_16_C2.png""]","2024-09-12T12:55:42.591Z"
"ObjectId(""66e297a9d0cddd7395776353"")","2219","[""rbd_from_rgb_C2.png""]","2024-09-12T12:56:30.295Z"
"ObjectId(""66e297dad0cddd7395778031"")","2220","[""bpx_from_rgb_C1.png""]","2024-09-12T12:57:19.678Z"
"ObjectId(""66e298aed0cddd739577dc7a"")","2221","[""hed_from_rgb_C1.png"",""StainingVectorID_4_C1.png""]","2024-09-12T13:00:51.335Z"
"ObjectId(""66e29926d0cddd7395780bca"")","2250","[""bro_from_rgb_C2.png"",""hpx_from_rgb_C2.png""]","2024-09-12T13:02:51.331Z"
"ObjectId(""66e2aac9d0cddd73957af382"")","2252","[""StainingVectorID_5_C1.png""]","2024-09-12T14:18:06.756Z"
"ObjectId(""66e2aadcd0cddd73957b0acf"")","2253","[""rbd_from_rgb_C1.png""]","2024-09-12T14:18:25.820Z"
"ObjectId(""66e2ab06d0cddd73957b2b50"")","2254","[]","2024-09-12T14:19:07.338Z"
"ObjectId(""66e2ab26d0cddd73957b49bc"")","2255","[""StainingVectorID_10_C1.png""]","2024-09-12T14:19:39.285Z"
"ObjectId(""66e2ab39d0cddd73957b69ce"")","2256","[""StainingVectorID_17_C1.png""]","2024-09-12T14:19:58.184Z"
"ObjectId(""66e2ab56d0cddd73957ba094"")","2257","[""hpx_from_rgb_C2.png"",""StainingVectorID_16_C2.png""]","2024-09-12T14:20:27.321Z"
"ObjectId(""66e2ab98d0cddd73957bc1c7"")","2258","[""StainingVectorID_17_C1.png""]","2024-09-12T14:21:33.598Z"
"ObjectId(""66e2abb4d0cddd73957be12f"")","2259","[""bro_from_rgb_C2.png""]","2024-09-12T14:22:01.560Z"
"ObjectId(""66e2abbbd0cddd73957bf79c"")","2260","[""bro_from_rgb_C2.png"",""StainingVectorID_13_C2.png""]","2024-09-12T14:22:08.007Z"
"ObjectId(""66e2abe7d0cddd73957c1714"")","2261","[""StainingVectorID_13_C2.png""]","2024-09-12T14:22:52.017Z"
"ObjectId(""66e2abf9d0cddd73957c34a3"")","2262","[""StainingVectorID_17_C1.png""]","2024-09-12T14:23:10.331Z"
"ObjectId(""66e2ac28d0cddd73957c710f"")","2263","[""hpx_from_rgb_C2.png"",""hdx_from_rgb_C1.png""]","2024-09-12T14:23:57.747Z"
"ObjectId(""66e2ac60d0cddd73957c9158"")","2264","[""StainingVectorID_3_C1.png""]","2024-09-12T14:24:53.058Z"
"ObjectId(""66e2ac67d0cddd73957cadc2"")","2265","[""StainingVectorID_13_C2.png""]","2024-09-12T14:25:00.310Z"
"ObjectId(""66e2ac84d0cddd73957cc869"")","2266","[""StainingVectorID_17_C1.png""]","2024-09-12T14:25:29.763Z"
"ObjectId(""66e2ac94d0cddd73957ce5b3"")","2267","[""StainingVectorID_16_C2.png""]","2024-09-12T14:25:45.641Z"
"ObjectId(""66e2ad12d0cddd73957d1c96"")","2268","[""StainingVectorID_16_C2.png""]","2024-09-12T14:27:51.743Z"
"ObjectId(""66e2ad60d0cddd73957d7dc7"")","2477","[""StainingVectorID_13_C2.png"",""bro_from_rgb_C2.png"",""StainingVectorID_17_C1.png""]","2024-09-12T14:29:09.679Z"
"ObjectId(""66e2ad66d0cddd73957d9893"")","1200","[""StainingVectorID_17_C1.png""]","2024-09-12T14:29:14.914Z"
"ObjectId(""66e2ad71d0cddd73957db2ac"")","2478","[""StainingVectorID_13_C2.png""]","2024-09-12T14:29:26.121Z"
"ObjectId(""66e2ad77d0cddd73957dd115"")","1700","[""rf_mask.jpg""]","2024-09-12T14:29:31.955Z"
"ObjectId(""66e2ad82d0cddd73957df0aa"")","2479","[""StainingVectorID_13_C2.png""]","2024-09-12T14:29:43.452Z"
"ObjectId(""66e2ad98d0cddd73957e0b60"")","2480","[""StainingVectorID_13_C2.png""]","2024-09-12T14:30:05.337Z"
"ObjectId(""66e2ada3d0cddd73957e2a13"")","1701","[""rf_mask.jpg""]","2024-09-12T14:30:16.463Z"
"ObjectId(""66e2adc1d0cddd73957e4e9c"")","2481","[""StainingVectorID_13_C2.png""]","2024-09-12T14:30:46.691Z"
"ObjectId(""66e2add0d0cddd73957e6f12"")","1702","[""rf_mask.jpg""]","2024-09-12T14:31:01.066Z"
"ObjectId(""66e2added0cddd73957e8a2a"")","1201","[""StainingVectorID_16_C2.png"",""StainingVectorID_17_C1.png""]","2024-09-12T14:31:15.279Z"
"ObjectId(""66e2adead0cddd73957eab67"")","2482","[""rf_mask.jpg""]","2024-09-12T14:31:27.346Z"
"ObjectId(""66e2adeed0cddd73957ec79d"")","1703","[""rf_mask.jpg""]","2024-09-12T14:31:31.083Z"
"ObjectId(""66e2adfbd0cddd73957ee555"")","2483","[""rf_mask.jpg""]","2024-09-12T14:31:44.681Z"
"ObjectId(""66e2ae0ed0cddd73957f04bf"")","1704","[""rf_mask.jpg""]","2024-09-12T14:32:03.371Z"
"ObjectId(""66e2ae1fd0cddd73957f1f5b"")","1202","[""rf_mask.jpg"",""StainingVectorID_17_C1.png"",""hed_from_rgb_C2.png""]","2024-09-12T14:32:20.026Z"
"ObjectId(""66e2ae40d0cddd73957f435b"")","1203","[""StainingVectorID_17_C1.png"",""StainingVectorID_4_C2.png"",""hed_from_rgb_C2.png""]","2024-09-12T14:32:53.056Z"
"ObjectId(""66e2ae71d0cddd73957f655d"")","1204","[""StainingVectorID_17_C1.png""]","2024-09-12T14:33:42.659Z"
"ObjectId(""66e2ae89d0cddd73957f8329"")","1705","[""rf_mask.jpg""]","2024-09-12T14:34:06.757Z"
"ObjectId(""66e2aea1d0cddd73957fa59d"")","1205","[""StainingVectorID_17_C1.png"",""hed_from_rgb_C2.png""]","2024-09-12T14:34:30.784Z"
"ObjectId(""66e2aec1d0cddd73957fc470"")","1706","[""rf_mask.jpg""]","2024-09-12T14:35:02.552Z"
"ObjectId(""66e2aedad0cddd73957fe713"")","1707","[""rf_mask.jpg""]","2024-09-12T14:35:26.977Z"
"ObjectId(""66e2af2fd0cddd73958012cb"")","1206","[""StainingVectorID_4_C2.png"",""StainingVectorID_10_C1.png"",""rbd_from_rgb_C1.png""]","2024-09-12T14:36:52.140Z"
"ObjectId(""66e2af84d0cddd7395804d12"")","1207","[""StainingVectorID_13_C2.png"",""bro_from_rgb_C2.png"",""StainingVectorID_17_C1.png"",""rbd_from_rgb_C1.png""]","2024-09-12T14:38:16.920Z"
"ObjectId(""66e2af9fd0cddd7395808377"")","1708","[""rf_mask.jpg""]","2024-09-12T14:38:44.732Z"
"ObjectId(""66e2afbfd0cddd739580a5fb"")","1709","[""rf_mask.jpg""]","2024-09-12T14:39:16.431Z"
"ObjectId(""66e2afc0d0cddd739580b337"")","1208","[""bro_from_rgb_C2.png"",""StainingVectorID_16_C2.png""]","2024-09-12T14:39:17.752Z"
"ObjectId(""66e2afd9d0cddd739580e16b"")","1710","[""rf_mask.jpg""]","2024-09-12T14:39:42.508Z"
"ObjectId(""66e2aff0d0cddd7395810529"")","1209","[""StainingVectorID_13_C2.png"",""bro_from_rgb_C2.png"",""hpx_from_rgb_C2.png"",""StainingVectorID_16_C2.png""]","2024-09-12T14:40:05.359Z"
"ObjectId(""66e2aff1d0cddd7395810c49"")","1711","[""rf_mask.jpg""]","2024-09-12T14:40:06.255Z"
"ObjectId(""66e2b016d0cddd7395814b7d"")","1210","[""StainingVectorID_13_C2.png"",""bro_from_rgb_C2.png"",""hpx_from_rgb_C2.png"",""StainingVectorID_16_C2.png"",""StainingVectorID_17_C1.png""]","2024-09-12T14:40:43.864Z"
"ObjectId(""66e2b049d0cddd73958176a9"")","1712","[]","2024-09-12T14:41:33.945Z"
"ObjectId(""66e2b04bd0cddd7395818ff8"")","1211","[""StainingVectorID_13_C2.png"",""bro_from_rgb_C2.png"",""StainingVectorID_16_C2.png"",""StainingVectorID_17_C1.png"",""hed_from_rgb_C2.png"",""StainingVectorID_4_C2.png"",""rbd_from_rgb_C1.png"",""StainingVectorID_10_C1.png""]","2024-09-12T14:41:36.084Z"
"ObjectId(""66e2b066d0cddd739581ba5f"")","1713","[""rf_mask.jpg""]","2024-09-12T14:42:03.106Z"
"ObjectId(""66e2b07ed0cddd739581d2ae"")","1714","[""rf_mask.jpg""]","2024-09-12T14:42:27.325Z"
"ObjectId(""66e2b097d0cddd739581f223"")","1715","[""rf_mask.jpg""]","2024-09-12T14:42:52.642Z"
"ObjectId(""66e2b0c5d0cddd73958211b3"")","1212","[""StainingVectorID_13_C2.png"",""bro_from_rgb_C2.png"",""hpx_from_rgb_C2.png"",""StainingVectorID_17_C1.png"",""StainingVectorID_4_C2.png""]","2024-09-12T14:43:38.316Z"
"ObjectId(""66e2b0dbd0cddd739582330e"")","1213","[""hpx_from_rgb_C2.png"",""StainingVectorID_16_C2.png"",""StainingVectorID_17_C1.png""]","2024-09-12T14:44:00.413Z"
"ObjectId(""66e2b0e0d0cddd7395824bfa"")","1716","[""rf_mask.jpg""]","2024-09-12T14:44:05.563Z"
"ObjectId(""66e2b0fbd0cddd7395826bd2"")","1214","[""StainingVectorID_13_C2.png"",""bro_from_rgb_C2.png"",""hpx_from_rgb_C2.png"",""StainingVectorID_16_C2.png"",""StainingVectorID_17_C1.png""]","2024-09-12T14:44:31.974Z"
"ObjectId(""66e2b113d0cddd7395828a0a"")","1215","[""StainingVectorID_13_C2.png"",""bro_from_rgb_C2.png""]","2024-09-12T14:44:56.258Z"
"ObjectId(""66e2b12ad0cddd739582a9df"")","1216","[""StainingVectorID_13_C2.png"",""bro_from_rgb_C2.png"",""hpx_from_rgb_C2.png"",""StainingVectorID_16_C2.png"",""StainingVectorID_17_C1.png""]","2024-09-12T14:45:19.607Z"
"ObjectId(""66e2b147d0cddd739582d2af"")","1217","[""hpx_from_rgb_C2.png"",""StainingVectorID_16_C2.png""]","2024-09-12T14:45:48.361Z"
"ObjectId(""66e2b15dd0cddd739582f5f1"")","1218","[""StainingVectorID_13_C2.png"",""bro_from_rgb_C2.png"",""hpx_from_rgb_C2.png"",""StainingVectorID_16_C2.png""]","2024-09-12T14:46:10.094Z"
"ObjectId(""66e2b186d0cddd7395831dfe"")","1219","[""StainingVectorID_13_C2.png"",""bro_from_rgb_C2.png"",""hpx_from_rgb_C2.png"",""StainingVectorID_16_C2.png""]","2024-09-12T14:46:51.500Z"
"ObjectId(""66e2b18cd0cddd73958340c1"")","1717","[""rf_mask.jpg""]","2024-09-12T14:46:57.854Z"
"ObjectId(""66e2b1a1d0cddd7395836235"")","1220","[""StainingVectorID_13_C2.png"",""bro_from_rgb_C2.png"",""hpx_from_rgb_C2.png"",""StainingVectorID_16_C2.png""]","2024-09-12T14:47:18.860Z"
"ObjectId(""66e2b1a3d0cddd7395836e0e"")","1718","[""rf_mask.jpg""]","2024-09-12T14:47:20.437Z"
"ObjectId(""66e2b1b8d0cddd739583a2b5"")","1719","[""rf_mask.jpg""]","2024-09-12T14:47:41.175Z"
"ObjectId(""66e2b1bfd0cddd739583bd6e"")","1221","[""StainingVectorID_13_C2.png"",""bro_from_rgb_C2.png"",""hpx_from_rgb_C2.png"",""StainingVectorID_16_C2.png""]","2024-09-12T14:47:47.950Z"
"ObjectId(""66e2b1d1d0cddd739583d78e"")","1720","[""rf_mask.jpg""]","2024-09-12T14:48:05.952Z"
"ObjectId(""66e2b1ded0cddd739583fbdf"")","1222","[""hpx_from_rgb_C2.png"",""StainingVectorID_16_C2.png""]","2024-09-12T14:48:19.123Z"
"ObjectId(""66e2b1e1d0cddd73958417b2"")","1721","[""rf_mask.jpg""]","2024-09-12T14:48:22.038Z"
"ObjectId(""66e2b1efd0cddd739584365d"")","1722","[""rf_mask.jpg""]","2024-09-12T14:48:36.403Z"
"ObjectId(""66e2b1ffd0cddd7395845aba"")","1723","[""rf_mask.jpg""]","2024-09-12T14:48:52.749Z"
"ObjectId(""66e2b20ed0cddd7395847a33"")","1724","[""rf_mask.jpg""]","2024-09-12T14:49:07.541Z"
"ObjectId(""66e2b21bd0cddd7395849807"")","1725","[""rf_mask.jpg""]","2024-09-12T14:49:20.269Z"
"ObjectId(""66e2b22ad0cddd739584b6ff"")","1726","[""rf_mask.jpg""]","2024-09-12T14:49:35.491Z"
"ObjectId(""66e2b239d0cddd739584d546"")","1223","[""StainingVectorID_13_C2.png"",""bro_from_rgb_C2.png"",""hpx_from_rgb_C2.png"",""StainingVectorID_16_C2.png"",""StainingVectorID_17_C1.png""]","2024-09-12T14:49:50.274Z"
"ObjectId(""66e2b23ad0cddd739584db6c"")","1727","[""rf_mask.jpg""]","2024-09-12T14:49:50.976Z"
"ObjectId(""66e2b244d0cddd7395851003"")","1728","[""rf_mask.jpg""]","2024-09-12T14:50:01.392Z"
"ObjectId(""66e2b262d0cddd7395853426"")","1729","[""rf_mask.jpg""]","2024-09-12T14:50:30.907Z"
"ObjectId(""66e2b266d0cddd739585519f"")","1224","[""StainingVectorID_13_C2.png"",""bro_from_rgb_C2.png"",""hpx_from_rgb_C2.png""]","2024-09-12T14:50:35.389Z"
"ObjectId(""66e2b271d0cddd739585741a"")","1730","[""rf_mask.jpg""]","2024-09-12T14:50:45.908Z"
"ObjectId(""66e2b27ad0cddd7395859ab7"")","1225","[""StainingVectorID_13_C2.png"",""hpx_from_rgb_C2.png"",""StainingVectorID_16_C2.png""]","2024-09-12T14:50:55.403Z"
"ObjectId(""66e2b29dd0cddd739585bc4b"")","1731","[""rf_mask.jpg""]","2024-09-12T14:51:30.074Z"
"ObjectId(""66e2b2a6d0cddd739585daee"")","1226","[""hpx_from_rgb_C2.png"",""StainingVectorID_16_C2.png""]","2024-09-12T14:51:39.493Z"
"ObjectId(""66e2b2b7d0cddd739585f82e"")","1732","[""rf_mask.jpg""]","2024-09-12T14:51:56.764Z"
"ObjectId(""66e2b2c8d0cddd7395862048"")","1227","[""StainingVectorID_13_C2.png"",""hpx_from_rgb_C2.png"",""StainingVectorID_16_C2.png""]","2024-09-12T14:52:13.510Z"
"ObjectId(""66e2b2d8d0cddd7395863d20"")","1228","[""rf_mask.jpg""]","2024-09-12T14:52:28.974Z"
"ObjectId(""66e2b2fbd0cddd7395865e70"")","1733","[""rf_mask.jpg""]","2024-09-12T14:53:04.268Z"
"ObjectId(""66e2b2fcd0cddd7395866732"")","1229","[""hpx_from_rgb_C2.png"",""StainingVectorID_16_C2.png""]","2024-09-12T14:53:05.184Z"
"ObjectId(""66e2b30ad0cddd7395869ee0"")","1734","[""rf_mask.jpg""]","2024-09-12T14:53:19.270Z"
"ObjectId(""66e2b320d0cddd739586c151"")","1230","[""rf_mask.jpg""]","2024-09-12T14:53:40.938Z"
"ObjectId(""66e2b329d0cddd739586da86"")","1735","[""rf_mask.jpg""]","2024-09-12T14:53:49.932Z"
"ObjectId(""66e2b34ed0cddd739586fd14"")","1231","[""rbd_from_rgb_C2.png"",""StainingVectorID_10_C2.png"",""StainingVectorID_14_C1.png""]","2024-09-12T14:54:27.023Z"
"ObjectId(""66e2b364d0cddd7395871fb5"")","1232","[""rf_mask.jpg""]","2024-09-12T14:54:49.748Z"
"ObjectId(""66e2b370d0cddd7395874145"")","1736","[""rf_mask.jpg""]","2024-09-12T14:55:01.114Z"
"ObjectId(""66e2b38ed0cddd73958763fb"")","1737","[""rf_mask.jpg""]","2024-09-12T14:55:30.875Z"
"ObjectId(""66e2b398d0cddd739587871f"")","1233","[""StainingVectorID_13_C2.png"",""bro_from_rgb_C2.png""]","2024-09-12T14:55:40.966Z"
"ObjectId(""66e2b3d4d0cddd739587b29a"")","1738","[""rf_mask.jpg""]","2024-09-12T14:56:41.010Z"
"ObjectId(""66e2b3e0d0cddd739587cf39"")","1739","[""rf_mask.jpg""]","2024-09-12T14:56:53.310Z"
"ObjectId(""66e2b3f0d0cddd739587e970"")","1740","[""rf_mask.jpg""]","2024-09-12T14:57:09.105Z"
"ObjectId(""66e2b40cd0cddd7395881009"")","1234","[""rf_mask.jpg"",""bpx_from_rgb_C1.png""]","2024-09-12T14:57:36.933Z"
"ObjectId(""66e2b41cd0cddd73958831c6"")","1235","[""bro_from_rgb_C2.png"",""hpx_from_rgb_C2.png""]","2024-09-12T14:57:53.560Z"
"ObjectId(""66e2b429d0cddd739588536a"")","1236","[""rf_mask.jpg""]","2024-09-12T14:58:06.565Z"
"ObjectId(""66e2b43ad0cddd73958873a9"")","1741","[""rf_mask.jpg""]","2024-09-12T14:58:23.365Z"
"ObjectId(""66e2b43cd0cddd7395888492"")","1237","[""rf_mask.jpg"",""StainingVectorID_10_C2.png""]","2024-09-12T14:58:24.882Z"
"ObjectId(""66e2b44bd0cddd739588b6d8"")","1742","[""rf_mask.jpg""]","2024-09-12T14:58:40.109Z"
"ObjectId(""66e2b450d0cddd739588d804"")","1238","[""rf_mask.jpg""]","2024-09-12T14:58:45.735Z"
"ObjectId(""66e2b476d0cddd739588f92e"")","1239","[""rf_mask.jpg""]","2024-09-12T14:59:23.305Z"
"ObjectId(""66e2b47dd0cddd73958919f3"")","1743","[""rf_mask.jpg""]","2024-09-12T14:59:29.878Z"
"ObjectId(""66e2b488d0cddd7395893d13"")","1240","[""rf_mask.jpg""]","2024-09-12T14:59:41.821Z"
"ObjectId(""66e2b49bd0cddd7395895f6c"")","1241","[""rf_mask.jpg""]","2024-09-12T15:00:00.249Z"
"ObjectId(""66e2b4a2d0cddd739589870a"")","1744","[""rf_mask.jpg""]","2024-09-12T15:00:07.795Z"
"ObjectId(""66e2b4b1d0cddd739589a6c5"")","1745","[""rf_mask.jpg""]","2024-09-12T15:00:22.571Z"
"ObjectId(""66e2b4c5d0cddd739589c5f7"")","1242","[""rf_mask.jpg"",""gdx_from_rgb_C1.png""]","2024-09-12T15:00:42.166Z"
"ObjectId(""66e2b4d7d0cddd739589e24a"")","1243","[""rf_mask.jpg""]","2024-09-12T15:01:00.111Z"
"ObjectId(""66e2b4f0d0cddd73958a0459"")","1746","[""rf_mask.jpg""]","2024-09-12T15:01:25.297Z"
"ObjectId(""66e2b4fcd0cddd73958a246f"")","1747","[""rf_mask.jpg""]","2024-09-12T15:01:37.804Z"
"ObjectId(""66e2b50fd0cddd73958a467d"")","1748","[""rf_mask.jpg""]","2024-09-12T15:01:56.397Z"
"ObjectId(""66e2b51ed0cddd73958a65b5"")","1749","[""rf_mask.jpg""]","2024-09-12T15:02:10.975Z"
"ObjectId(""66e2b52cd0cddd73958a8c94"")","1244","[""rf_mask.jpg""]","2024-09-12T15:02:25.696Z"
"ObjectId(""66e2b53ad0cddd73958ab2ff"")","1245","[""rf_mask.jpg""]","2024-09-12T15:02:39.302Z"
"ObjectId(""66e2b541d0cddd73958ad411"")","1750","[""rf_mask.jpg""]","2024-09-12T15:02:46.004Z"
"ObjectId(""66e2b545d0cddd73958af668"")","1246","[""rf_mask.jpg""]","2024-09-12T15:02:50.263Z"
"ObjectId(""66e2b550d0cddd73958b1182"")","1247","[""rf_mask.jpg""]","2024-09-12T15:03:01.221Z"
"ObjectId(""66e2b55ad0cddd73958b33a8"")","1248","[""rf_mask.jpg""]","2024-09-12T15:03:11.748Z"
"ObjectId(""66e2b580d0cddd73958b64ca"")","1249","[""StainingVectorID_17_C1.png"",""StainingVectorID_10_C1.png""]","2024-09-12T15:03:49.050Z"
"ObjectId(""66e2b58ed0cddd73958b811a"")","1751","[]","2024-09-12T15:04:03.827Z"
"ObjectId(""66e2b59cd0cddd73958ba61d"")","1250","[""StainingVectorID_13_C2.png"",""bro_from_rgb_C2.png"",""hpx_from_rgb_C2.png"",""StainingVectorID_16_C2.png"",""StainingVectorID_17_C1.png""]","2024-09-12T15:04:16.865Z"
"ObjectId(""66e2b5b5d0cddd73958bd4f9"")","1251","[""StainingVectorID_13_C2.png"",""bro_from_rgb_C2.png"",""hpx_from_rgb_C2.png"",""StainingVectorID_16_C2.png"",""StainingVectorID_4_C2.png"",""hed_from_rgb_C2.png"",""StainingVectorID_10_C1.png"",""rbd_from_rgb_C1.png"",""StainingVectorID_19_C3.png""]","2024-09-12T15:04:42.049Z"
"ObjectId(""66e2b5cfd0cddd73958bfdfe"")","1252","[""StainingVectorID_13_C2.png"",""bro_from_rgb_C2.png"",""hpx_from_rgb_C2.png"",""StainingVectorID_16_C2.png"",""StainingVectorID_17_C1.png""]","2024-09-12T15:05:08.579Z"
"ObjectId(""66e2b5e3d0cddd73958c258d"")","1253","[""StainingVectorID_13_C2.png"",""bro_from_rgb_C2.png"",""hpx_from_rgb_C2.png"",""StainingVectorID_16_C2.png""]","2024-09-12T15:05:28.391Z"
"ObjectId(""66e2b5e5d0cddd73958c3e45"")","1752","[""rf_mask.jpg""]","2024-09-12T15:05:30.578Z"
"ObjectId(""66e2b605d0cddd73958c6fc6"")","1753","[""rf_mask.jpg""]","2024-09-12T15:06:02.437Z"
"ObjectId(""66e2b606d0cddd73958c77ff"")","1254","[""StainingVectorID_13_C2.png"",""bro_from_rgb_C2.png"",""hpx_from_rgb_C2.png"",""StainingVectorID_16_C2.png""]","2024-09-12T15:06:03.187Z"
"ObjectId(""66e2b613d0cddd73958cadd1"")","1754","[""rf_mask.jpg""]","2024-09-12T15:06:15.910Z"
"ObjectId(""66e2b622d0cddd73958cd283"")","1755","[""rf_mask.jpg""]","2024-09-12T15:06:31.602Z"
"ObjectId(""66e2b626d0cddd73958cecce"")","1255","[""StainingVectorID_13_C2.png"",""bro_from_rgb_C2.png"",""hpx_from_rgb_C2.png"",""StainingVectorID_16_C2.png"",""StainingVectorID_17_C1.png""]","2024-09-12T15:06:35.260Z"
"ObjectId(""66e2b633d0cddd73958d19a1"")","1756","[""rf_mask.jpg""]","2024-09-12T15:06:47.854Z"
"ObjectId(""66e2b63dd0cddd73958d3c6c"")","1256","[""StainingVectorID_13_C2.png"",""bro_from_rgb_C2.png"",""hpx_from_rgb_C2.png"",""StainingVectorID_16_C2.png""]","2024-09-12T15:06:58.299Z"
"ObjectId(""66e2b649d0cddd73958d591b"")","1757","[""rf_mask.jpg""]","2024-09-12T15:07:09.925Z"
"ObjectId(""66e2b651d0cddd73958d7758"")","1257","[""StainingVectorID_13_C2.png"",""bro_from_rgb_C2.png"",""hpx_from_rgb_C2.png"",""StainingVectorID_16_C2.png""]","2024-09-12T15:07:18.206Z"
"ObjectId(""66e2b658d0cddd73958d9596"")","1758","[""rf_mask.jpg""]","2024-09-12T15:07:25.724Z"
"ObjectId(""66e2b672d0cddd73958dd264"")","1759","[""rf_mask.jpg""]","2024-09-12T15:07:51.227Z"
"ObjectId(""66e2b681d0cddd73958dfb11"")","1760","[""rf_mask.jpg""]","2024-09-12T15:08:06.421Z"
"ObjectId(""66e2b697d0cddd73958e2248"")","1761","[""rf_mask.jpg""]","2024-09-12T15:08:27.912Z"
"ObjectId(""66e2b6bed0cddd73958e4796"")","1258","[""StainingVectorID_13_C2.png"",""bro_from_rgb_C2.png""]","2024-09-12T15:09:07.314Z"
"ObjectId(""66e2b6d4d0cddd73958e6a0a"")","1259","[""rf_mask.jpg""]","2024-09-12T15:09:28.947Z"
"ObjectId(""66e2b6e8d0cddd73958e8e29"")","1260","[""StainingVectorID_13_C2.png"",""bro_from_rgb_C2.png"",""hpx_from_rgb_C2.png""]","2024-09-12T15:09:49.761Z"
"ObjectId(""66e2b719d0cddd73958eb71f"")","1261","[""StainingVectorID_13_C2.png"",""bro_from_rgb_C2.png"",""hpx_from_rgb_C2.png""]","2024-09-12T15:10:38.039Z"
"ObjectId(""66e2b72bd0cddd73958ed3b5"")","1262","[""rf_mask.jpg""]","2024-09-12T15:10:56.051Z"
"ObjectId(""66e2b735d0cddd73958ef9a9"")","1263","[""rf_mask.jpg""]","2024-09-12T15:11:06.661Z"
"ObjectId(""66e2b73ed0cddd73958f16cf"")","1762","[""rf_mask.jpg""]","2024-09-12T15:11:15.630Z"
"ObjectId(""66e2b740d0cddd73958f260b"")","1264","[""rf_mask.jpg""]","2024-09-12T15:11:17.218Z"
"ObjectId(""66e2b74cd0cddd73958f4f87"")","1265","[""rf_mask.jpg""]","2024-09-12T15:11:29.176Z"
"ObjectId(""66e2b759d0cddd73958f6eff"")","1763","[""rf_mask.jpg""]","2024-09-12T15:11:42.324Z"
"ObjectId(""66e2b771d0cddd73958fa218"")","1266","[""rf_mask.jpg""]","2024-09-12T15:12:06.621Z"
"ObjectId(""66e2b798d0cddd73958fc5d8"")","1267","[""rbd_from_rgb_C2.png"",""StainingVectorID_10_C2.png""]","2024-09-12T15:12:45.156Z"
"ObjectId(""66e2b7aad0cddd73958fe84b"")","1268","[""rf_mask.jpg""]","2024-09-12T15:13:03.343Z"
"ObjectId(""66e2b7bcd0cddd7395900361"")","1764","[""rf_mask.jpg""]","2024-09-12T15:13:21.723Z"
"ObjectId(""66e2b7d8d0cddd739590282a"")","1269","[""bpx_from_rgb_C1.png""]","2024-09-12T15:13:49.448Z"
"ObjectId(""66e2b7f7d0cddd7395904d06"")","1765","[""rf_mask.jpg""]","2024-09-12T15:14:20.697Z"
"ObjectId(""66e2b832d0cddd7395907ce0"")","1270","[""StainingVectorID_10_C2.png""]","2024-09-12T15:15:19.433Z"
"ObjectId(""66e2b86bd0cddd739590b0c2"")","1271","[""rf_mask.jpg""]","2024-09-12T15:16:15.995Z"
"ObjectId(""66e2b873d0cddd739590d476"")","1272","[""rf_mask.jpg""]","2024-09-12T15:16:24.143Z"
"ObjectId(""66e2b88ad0cddd739590faea"")","1273","[""rf_mask.jpg""]","2024-09-12T15:16:46.997Z"
"ObjectId(""66e2b8a7d0cddd7395911d62"")","1274","[""rf_mask.jpg""]","2024-09-12T15:17:16.264Z"
"ObjectId(""66e2b8c3d0cddd73959140f0"")","1275","[""rf_mask.jpg""]","2024-09-12T15:17:43.984Z"
"ObjectId(""66e2b8f1d0cddd7395917e65"")","1276","[""rf_mask.jpg""]","2024-09-12T15:18:30.088Z"
"ObjectId(""66e2b910d0cddd739591a319"")","1277","[""StainingVectorID_10_C2.png""]","2024-09-12T15:19:01.451Z"
"ObjectId(""66e2b929d0cddd739591d31b"")","1278","[""rf_mask.jpg""]","2024-09-12T15:19:27.422Z"
"ObjectId(""66e2b935d0cddd739592079a"")","1766","[""rf_mask.jpg""]","2024-09-12T15:19:38.476Z"
"ObjectId(""66e2b94ad0cddd7395923a9f"")","1767","[""rf_mask.jpg""]","2024-09-12T15:19:59.430Z"
"ObjectId(""66e2b9d9d0cddd73959281de"")","1768","[""rf_mask.jpg""]","2024-09-12T15:22:22.149Z"
"ObjectId(""66e2b9e5d0cddd739592a566"")","1769","[""rf_mask.jpg""]","2024-09-12T15:22:34.634Z"
"ObjectId(""66e2b9f1d0cddd739592cde4"")","1770","[""rf_mask.jpg""]","2024-09-12T15:22:45.958Z"
"ObjectId(""66e2bacbd0cddd7395931a76"")","1279","[""rf_mask.jpg""]","2024-09-12T15:26:23.938Z"
"ObjectId(""66e2bae2d0cddd7395933942"")","1280","[""rf_mask.jpg""]","2024-09-12T15:26:47.633Z"
"ObjectId(""66e2bafad0cddd7395935a8f"")","1771","[""rf_mask.jpg""]","2024-09-12T15:27:10.851Z"
"ObjectId(""66e2bafbd0cddd7395936539"")","1281","[""rf_mask.jpg""]","2024-09-12T15:27:11.906Z"
"ObjectId(""66e2bb2bd0cddd739593b4cc"")","1282","[""rf_mask.jpg""]","2024-09-12T15:28:00.113Z"
"ObjectId(""66e2bb48d0cddd739593d85a"")","1283","[""rbd_from_rgb_C2.png""]","2024-09-12T15:28:28.982Z"
"ObjectId(""66e2bb61d0cddd739593ff32"")","1284","[""rf_mask.jpg""]","2024-09-12T15:28:54.009Z"
"ObjectId(""66e2bbc2d0cddd7395943494"")","1285","[""rf_mask.jpg""]","2024-09-12T15:30:31.266Z"
"ObjectId(""66e2bc14d0cddd739594ae69"")","1772","[""gdx_from_rgb_C1.png""]","2024-09-12T15:31:53.582Z"
"ObjectId(""66e2bcddd0cddd739594f66a"")","1773","[""bex_from_rgb_C3.png""]","2024-09-12T15:35:14.093Z"
"ObjectId(""66e2bebfd0cddd739596288b"")","1286","[""rf_mask.jpg""]","2024-09-12T15:43:16.064Z"
"ObjectId(""66e2c074d0cddd7395972b73"")","0205","[]","2024-09-12T15:50:32.977Z"
"ObjectId(""66e2c177d0cddd7395977fce"")","1287","[""rbd_from_rgb_C2.png""]","2024-09-12T15:54:51.962Z"
"ObjectId(""66e2c262d0cddd739597dee4"")","1775","[""StainingVectorID_5_C2.png"",""StainingVectorID_7_C2.png"",""bex_from_rgb_C3.png"",""StainingVectorID_9_C1.png"",""StainingVectorID_3_C2.png"",""fgx_from_rgb_C1.png"",""StainingVectorID_12_C3.png"",""StainingVectorID_16_C1.png"",""StainingVectorID_14_C2.png"",""StainingVectorID_20_C3.png"",""StainingVectorID_2_C1.png"",""StainingVectorID_12_C2.png"",""StainingVectorID_1_C1.png"",""StainingVectorID_13_C3.png"",""StainingVectorID_9_C2.png"",""gdx_from_rgb_C2.png"",""ahx_from_rgb_C2.png"",""StainingVectorID_15_C3.png"",""StainingVectorID_7_C1.png"",""StainingVectorID_8_C1.png"",""StainingVectorID_15_C2.png"",""bpx_from_rgb_C3.png"",""hed_from_rgb_C3.png"",""StainingVectorID_19_C1.png"",""StainingVectorID_17_C2.png"",""StainingVectorID_10_C3.png"",""rbd_from_rgb_C3.png"",""ahx_from_rgb_C3.png"",""StainingVectorID_7_C3.png"",""StainingVectorID_1_C3.png"",""StainingVectorID_14_C3.png""]","2024-09-12T15:58:46.931Z"
"ObjectId(""66e2c262d0cddd739597e06e"")","1288","[""rf_mask.jpg""]","2024-09-12T15:58:47.395Z"
"ObjectId(""66e2ca43d0cddd739599e603"")","1776","[""StainingVectorID_6_C2.png"",""bex_from_rgb_C3.png"",""hpx_from_rgb_C3.png"",""StainingVectorID_5_C2.png"",""StainingVectorID_7_C2.png"",""StainingVectorID_16_C1.png"",""StainingVectorID_12_C3.png"",""StainingVectorID_3_C2.png"",""StainingVectorID_9_C1.png"",""StainingVectorID_14_C2.png"",""fgx_from_rgb_C1.png"",""hed_from_rgb_C3.png"",""StainingVectorID_15_C2.png"",""bpx_from_rgb_C3.png"",""StainingVectorID_10_C3.png"",""StainingVectorID_1_C1.png"",""StainingVectorID_2_C1.png"",""StainingVectorID_14_C3.png"",""StainingVectorID_8_C1.png"",""StainingVectorID_20_C3.png"",""StainingVectorID_15_C3.png"",""StainingVectorID_12_C2.png"",""StainingVectorID_9_C2.png"",""StainingVectorID_7_C1.png"",""ahx_from_rgb_C3.png"",""ahx_from_rgb_C2.png"",""rbd_from_rgb_C3.png"",""StainingVectorID_13_C3.png"",""gdx_from_rgb_C2.png"",""StainingVectorID_7_C3.png"",""StainingVectorID_19_C1.png"",""StainingVectorID_1_C3.png"",""bex_from_rgb_C1.png"",""hax_from_rgb_C2.png"",""hdx_from_rgb_C2.png"",""StainingVectorID_13_C1.png"",""StainingVectorID_5_C3.png"",""StainingVectorID_1_C2.png"",""bex_from_rgb_C2.png"",""bro_from_rgb_C3.png"",""StainingVectorID_19_C2.png"",""StainingVectorID_20_C1.png"",""StainingVectorID_18_C1.png"",""hax_from_rgb_C3.png"",""StainingVectorID_18_C3.png"",""hpx_from_rgb_C1.png"",""StainingVectorID_18_C2.png"",""StainingVectorID_4_C3.png"",""bpx_from_rgb_C2.png"",""bro_from_rgb_C1.png"",""StainingVectorID_11_C2.png"",""StainingVectorID_9_C3.png"",""StainingVectorID_2_C3.png"",""StainingVectorID_2_C2.png""]","2024-09-12T16:32:23.789Z"
"ObjectId(""66e2cab3d0cddd73959a2702"")","1777","[""StainingVectorID_10_C2.png"",""StainingVectorID_14_C1.png"",""bpx_from_rgb_C1.png"",""gdx_from_rgb_C1.png"",""StainingVectorID_11_C1.png""]","2024-09-12T16:34:16.017Z"